Date,Price,Comp
2015-01-02,109.330002,AAPL
2015-01-05,106.25,AAPL
2015-01-06,106.260002,AAPL
2015-01-07,107.75,AAPL
2015-01-08,111.889999,AAPL
2015-01-09,112.010002,AAPL
2015-01-12,109.25,AAPL
2015-01-13,110.220001,AAPL
2015-01-14,109.800003,AAPL
2015-01-15,106.82,AAPL
2015-01-16,105.989998,AAPL
2015-01-20,108.720001,AAPL
2015-01-21,109.550003,AAPL
2015-01-22,112.400002,AAPL
2015-01-23,112.980003,AAPL
2015-01-26,113.099998,AAPL
2015-01-27,109.139999,AAPL
2015-01-28,115.309998,AAPL
2015-01-29,118.900002,AAPL
2015-01-30,117.160004,AAPL
2015-02-02,118.629997,AAPL
2015-02-03,118.650002,AAPL
2015-02-04,119.559998,AAPL
2015-02-05,119.940002,AAPL
2015-02-06,118.93,AAPL
2015-02-09,119.720001,AAPL
2015-02-10,122.019997,AAPL
2015-02-11,124.879997,AAPL
2015-02-12,126.459999,AAPL
2015-02-13,127.080002,AAPL
2015-02-17,127.830002,AAPL
2015-02-18,128.720001,AAPL
2015-02-19,128.449997,AAPL
2015-02-20,129.5,AAPL
2015-02-23,133,AAPL
2015-02-24,132.169998,AAPL
2015-02-25,128.789993,AAPL
2015-02-26,130.419998,AAPL
2015-02-27,128.460007,AAPL
2015-03-02,129.089996,AAPL
2015-03-03,129.360001,AAPL
2015-03-04,128.539993,AAPL
2015-03-05,126.410004,AAPL
2015-03-06,126.599998,AAPL
2015-03-09,127.139999,AAPL
2015-03-10,124.510002,AAPL
2015-03-11,122.239998,AAPL
2015-03-12,124.449997,AAPL
2015-03-13,123.589996,AAPL
2015-03-16,124.949997,AAPL
2015-03-17,127.040001,AAPL
2015-03-18,128.470001,AAPL
2015-03-19,127.5,AAPL
2015-03-20,125.900002,AAPL
2015-03-23,127.209999,AAPL
2015-03-24,126.690002,AAPL
2015-03-25,123.379997,AAPL
2015-03-26,124.239998,AAPL
2015-03-27,123.25,AAPL
2015-03-30,126.370003,AAPL
2015-03-31,124.43,AAPL
2015-04-01,124.25,AAPL
2015-04-02,125.32,AAPL
2015-04-06,127.349998,AAPL
2015-04-07,126.010002,AAPL
2015-04-08,125.599998,AAPL
2015-04-09,126.559998,AAPL
2015-04-10,127.099998,AAPL
2015-04-13,126.849998,AAPL
2015-04-14,126.300003,AAPL
2015-04-15,126.779999,AAPL
2015-04-16,126.169998,AAPL
2015-04-17,124.75,AAPL
2015-04-20,127.599998,AAPL
2015-04-21,126.910004,AAPL
2015-04-22,128.619995,AAPL
2015-04-23,129.669998,AAPL
2015-04-24,130.279999,AAPL
2015-04-27,132.649994,AAPL
2015-04-28,130.559998,AAPL
2015-04-29,128.639999,AAPL
2015-04-30,125.150002,AAPL
2015-05-01,128.949997,AAPL
2015-05-04,128.699997,AAPL
2015-05-05,125.800003,AAPL
2015-05-06,125.010002,AAPL
2015-05-07,125.260002,AAPL
2015-05-08,127.620003,AAPL
2015-05-11,126.32,AAPL
2015-05-12,125.870003,AAPL
2015-05-13,126.010002,AAPL
2015-05-14,128.949997,AAPL
2015-05-15,128.770004,AAPL
2015-05-18,130.190002,AAPL
2015-05-19,130.070007,AAPL
2015-05-20,130.059998,AAPL
2015-05-21,131.389999,AAPL
2015-05-22,132.539993,AAPL
2015-05-26,129.619995,AAPL
2015-05-27,132.039993,AAPL
2015-05-28,131.779999,AAPL
2015-05-29,130.279999,AAPL
2015-06-01,130.539993,AAPL
2015-06-02,129.960007,AAPL
2015-06-03,130.119995,AAPL
2015-06-04,129.360001,AAPL
2015-06-05,128.649994,AAPL
2015-06-08,127.800003,AAPL
2015-06-09,127.419998,AAPL
2015-06-10,128.880005,AAPL
2015-06-11,128.589996,AAPL
2015-06-12,127.169998,AAPL
2015-06-15,126.919998,AAPL
2015-06-16,127.599998,AAPL
2015-06-17,127.300003,AAPL
2015-06-18,127.879997,AAPL
2015-06-19,126.599998,AAPL
2015-06-22,127.610001,AAPL
2015-06-23,127.029999,AAPL
2015-06-24,128.110001,AAPL
2015-06-25,127.5,AAPL
2015-06-26,126.75,AAPL
2015-06-29,124.529999,AAPL
2015-06-30,125.43,AAPL
2015-07-01,126.599998,AAPL
2015-07-02,126.440002,AAPL
2015-07-06,126,AAPL
2015-07-07,125.690002,AAPL
2015-07-08,122.57,AAPL
2015-07-09,120.07,AAPL
2015-07-10,123.279999,AAPL
2015-07-13,125.660004,AAPL
2015-07-14,125.610001,AAPL
2015-07-15,126.82,AAPL
2015-07-16,128.509995,AAPL
2015-07-17,129.619995,AAPL
2015-07-20,132.070007,AAPL
2015-07-21,130.75,AAPL
2015-07-22,125.220001,AAPL
2015-07-23,125.160004,AAPL
2015-07-24,124.5,AAPL
2015-07-27,122.769997,AAPL
2015-07-28,123.379997,AAPL
2015-07-29,122.989998,AAPL
2015-07-30,122.370003,AAPL
2015-07-31,121.300003,AAPL
2015-08-03,118.440002,AAPL
2015-08-04,114.639999,AAPL
2015-08-05,115.400002,AAPL
2015-08-06,115.129997,AAPL
2015-08-07,115.519997,AAPL
2015-08-10,119.720001,AAPL
2015-08-11,113.489998,AAPL
2015-08-12,115.239998,AAPL
2015-08-13,115.150002,AAPL
2015-08-14,115.959999,AAPL
2015-08-17,117.160004,AAPL
2015-08-18,116.5,AAPL
2015-08-19,115.010002,AAPL
2015-08-20,112.650002,AAPL
2015-08-21,105.760002,AAPL
2015-08-24,103.120003,AAPL
2015-08-25,103.739998,AAPL
2015-08-26,109.690002,AAPL
2015-08-27,112.919998,AAPL
2015-08-28,113.290001,AAPL
2015-08-31,112.760002,AAPL
2015-09-01,107.720001,AAPL
2015-09-02,112.339996,AAPL
2015-09-03,110.370003,AAPL
2015-09-04,109.269997,AAPL
2015-09-08,112.309998,AAPL
2015-09-09,110.150002,AAPL
2015-09-10,112.57,AAPL
2015-09-11,114.209999,AAPL
2015-09-14,115.309998,AAPL
2015-09-15,116.279999,AAPL
2015-09-16,116.410004,AAPL
2015-09-17,113.919998,AAPL
2015-09-18,113.449997,AAPL
2015-09-21,115.209999,AAPL
2015-09-22,113.400002,AAPL
2015-09-23,114.32,AAPL
2015-09-24,115,AAPL
2015-09-25,114.709999,AAPL
2015-09-28,112.440002,AAPL
2015-09-29,109.059998,AAPL
2015-09-30,110.300003,AAPL
2015-10-01,109.580002,AAPL
2015-10-02,110.379997,AAPL
2015-10-05,110.779999,AAPL
2015-10-06,111.309998,AAPL
2015-10-07,110.779999,AAPL
2015-10-08,109.5,AAPL
2015-10-09,112.120003,AAPL
2015-10-12,111.599998,AAPL
2015-10-13,111.790001,AAPL
2015-10-14,110.209999,AAPL
2015-10-15,111.860001,AAPL
2015-10-16,111.040001,AAPL
2015-10-19,111.730003,AAPL
2015-10-20,113.769997,AAPL
2015-10-21,113.760002,AAPL
2015-10-22,115.5,AAPL
2015-10-23,119.080002,AAPL
2015-10-26,115.279999,AAPL
2015-10-27,114.550003,AAPL
2015-10-28,119.269997,AAPL
2015-10-29,120.529999,AAPL
2015-10-30,119.5,AAPL
2015-11-02,121.18,AAPL
2015-11-03,122.57,AAPL
2015-11-04,122,AAPL
2015-11-05,120.919998,AAPL
2015-11-06,121.059998,AAPL
2015-11-09,120.57,AAPL
2015-11-10,116.769997,AAPL
2015-11-11,116.110001,AAPL
2015-11-12,115.720001,AAPL
2015-11-13,112.339996,AAPL
2015-11-16,114.18,AAPL
2015-11-17,113.690002,AAPL
2015-11-18,117.290001,AAPL
2015-11-19,118.779999,AAPL
2015-11-20,119.300003,AAPL
2015-11-23,117.75,AAPL
2015-11-24,118.879997,AAPL
2015-11-25,118.029999,AAPL
2015-11-27,117.809998,AAPL
2015-11-30,118.300003,AAPL
2015-12-01,117.339996,AAPL
2015-12-02,116.279999,AAPL
2015-12-03,115.199997,AAPL
2015-12-04,119.029999,AAPL
2015-12-07,118.279999,AAPL
2015-12-08,118.230003,AAPL
2015-12-09,115.620003,AAPL
2015-12-10,116.169998,AAPL
2015-12-11,113.18,AAPL
2015-12-14,112.480003,AAPL
2015-12-15,110.489998,AAPL
2015-12-16,111.339996,AAPL
2015-12-17,108.980003,AAPL
2015-12-18,106.029999,AAPL
2015-12-21,107.330002,AAPL
2015-12-22,107.230003,AAPL
2015-12-23,108.610001,AAPL
2015-12-24,108.029999,AAPL
2015-12-28,106.82,AAPL
2015-12-29,108.739998,AAPL
2015-12-30,107.32,AAPL
2015-12-31,105.260002,AAPL
2016-01-04,105.349998,AAPL
2016-01-05,102.709999,AAPL
2016-01-06,100.699997,AAPL
2016-01-07,96.449997,AAPL
2016-01-08,96.959999,AAPL
2016-01-11,98.529999,AAPL
2016-01-12,99.959999,AAPL
2016-01-13,97.389999,AAPL
2016-01-14,99.519997,AAPL
2016-01-15,97.129997,AAPL
2016-01-19,96.660004,AAPL
2016-01-20,96.790001,AAPL
2016-01-21,96.300003,AAPL
2016-01-22,101.419998,AAPL
2016-01-25,99.440002,AAPL
2016-01-26,99.989998,AAPL
2016-01-27,93.419998,AAPL
2016-01-28,94.089996,AAPL
2016-01-29,97.339996,AAPL
2016-02-01,96.43,AAPL
2016-02-02,94.480003,AAPL
2016-02-03,96.349998,AAPL
2016-02-04,96.599998,AAPL
2016-02-05,94.019997,AAPL
2016-02-08,95.010002,AAPL
2016-02-09,94.989998,AAPL
2016-02-10,94.269997,AAPL
2016-02-11,93.699997,AAPL
2016-02-12,93.989998,AAPL
2016-02-16,96.639999,AAPL
2016-02-17,98.120003,AAPL
2016-02-18,96.260002,AAPL
2016-02-19,96.040001,AAPL
2016-02-22,96.879997,AAPL
2016-02-23,94.690002,AAPL
2016-02-24,96.099998,AAPL
2016-02-25,96.760002,AAPL
2016-02-26,96.910004,AAPL
2016-02-29,96.690002,AAPL
2016-03-01,100.529999,AAPL
2016-03-02,100.75,AAPL
2016-03-03,101.5,AAPL
2016-03-04,103.010002,AAPL
2016-03-07,101.870003,AAPL
2016-03-08,101.029999,AAPL
2016-03-09,101.120003,AAPL
2016-03-10,101.169998,AAPL
2016-03-11,102.260002,AAPL
2016-03-14,102.519997,AAPL
2016-03-15,104.580002,AAPL
2016-03-16,105.970001,AAPL
2016-03-17,105.800003,AAPL
2016-03-18,105.919998,AAPL
2016-03-21,105.910004,AAPL
2016-03-22,106.720001,AAPL
2016-03-23,106.129997,AAPL
2016-03-24,105.669998,AAPL
2016-03-28,105.190002,AAPL
2016-03-29,107.68,AAPL
2016-03-30,109.559998,AAPL
2016-03-31,108.989998,AAPL
2016-04-01,109.989998,AAPL
2016-04-04,111.120003,AAPL
2016-04-05,109.809998,AAPL
2016-04-06,110.959999,AAPL
2016-04-07,108.540001,AAPL
2016-04-08,108.660004,AAPL
2016-04-11,109.019997,AAPL
2016-04-12,110.440002,AAPL
2016-04-13,112.040001,AAPL
2016-04-14,112.099998,AAPL
2016-04-15,109.849998,AAPL
2016-04-18,107.480003,AAPL
2016-04-19,106.910004,AAPL
2016-04-20,107.129997,AAPL
2016-04-21,105.970001,AAPL
2016-04-22,105.68,AAPL
2016-04-25,105.080002,AAPL
2016-04-26,104.349998,AAPL
2016-04-27,97.82,AAPL
2016-04-28,94.830002,AAPL
2016-04-29,93.739998,AAPL
2016-05-02,93.639999,AAPL
2016-05-03,95.18,AAPL
2016-05-04,94.190002,AAPL
2016-05-05,93.239998,AAPL
2016-05-06,92.720001,AAPL
2016-05-09,92.790001,AAPL
2016-05-10,93.419998,AAPL
2016-05-11,92.510002,AAPL
2016-05-12,90.339996,AAPL
2016-05-13,90.519997,AAPL
2016-05-16,93.879997,AAPL
2016-05-17,93.489998,AAPL
2016-05-18,94.559998,AAPL
2016-05-19,94.199997,AAPL
2016-05-20,95.220001,AAPL
2016-05-23,96.43,AAPL
2016-05-24,97.900002,AAPL
2016-05-25,99.620003,AAPL
2016-05-26,100.410004,AAPL
2016-05-27,100.349998,AAPL
2016-05-31,99.860001,AAPL
2016-06-01,98.459999,AAPL
2016-06-02,97.720001,AAPL
2016-06-03,97.919998,AAPL
2016-06-06,98.629997,AAPL
2016-06-07,99.029999,AAPL
2016-06-08,98.940002,AAPL
2016-06-09,99.650002,AAPL
2016-06-10,98.830002,AAPL
2016-06-13,97.339996,AAPL
2016-06-14,97.459999,AAPL
2016-06-15,97.139999,AAPL
2016-06-16,97.550003,AAPL
2016-06-17,95.330002,AAPL
2016-06-20,95.099998,AAPL
2016-06-21,95.910004,AAPL
2016-06-22,95.550003,AAPL
2016-06-23,96.099998,AAPL
2016-06-24,93.400002,AAPL
2016-06-27,92.040001,AAPL
2016-06-28,93.589996,AAPL
2016-06-29,94.400002,AAPL
2016-06-30,95.599998,AAPL
2016-07-01,95.889999,AAPL
2016-07-05,94.989998,AAPL
2016-07-06,95.529999,AAPL
2016-07-07,95.940002,AAPL
2016-07-08,96.68,AAPL
2016-07-11,96.980003,AAPL
2016-07-12,97.419998,AAPL
2016-07-13,96.870003,AAPL
2016-07-14,98.790001,AAPL
2016-07-15,98.779999,AAPL
2016-07-18,99.830002,AAPL
2016-07-19,99.870003,AAPL
2016-07-20,99.959999,AAPL
2016-07-21,99.43,AAPL
2016-07-22,98.660004,AAPL
2016-07-25,97.339996,AAPL
2016-07-26,96.669998,AAPL
2016-07-27,102.949997,AAPL
2016-07-28,104.339996,AAPL
2016-07-29,104.209999,AAPL
2016-08-01,106.050003,AAPL
2016-08-02,104.480003,AAPL
2016-08-03,105.790001,AAPL
2016-08-04,105.870003,AAPL
2016-08-05,107.480003,AAPL
2016-08-08,108.370003,AAPL
2016-08-09,108.809998,AAPL
2016-08-10,108,AAPL
2016-08-11,107.93,AAPL
2016-08-12,108.18,AAPL
2016-08-15,109.480003,AAPL
2016-08-16,109.379997,AAPL
2016-08-17,109.220001,AAPL
2016-08-18,109.080002,AAPL
2016-08-19,109.360001,AAPL
2016-08-22,108.510002,AAPL
2016-08-23,108.849998,AAPL
2016-08-24,108.029999,AAPL
2016-08-25,107.57,AAPL
2016-08-26,106.940002,AAPL
2016-08-29,106.82,AAPL
2016-08-30,106,AAPL
2016-08-31,106.099998,AAPL
2016-09-01,106.730003,AAPL
2016-09-02,107.730003,AAPL
2016-09-06,107.699997,AAPL
2016-09-07,108.360001,AAPL
2016-09-08,105.519997,AAPL
2016-09-09,103.129997,AAPL
2016-09-12,105.440002,AAPL
2016-09-13,107.949997,AAPL
2016-09-14,111.769997,AAPL
2016-09-15,115.57,AAPL
2016-09-16,114.919998,AAPL
2016-09-19,113.580002,AAPL
2016-09-20,113.57,AAPL
2016-09-21,113.550003,AAPL
2016-09-22,114.620003,AAPL
2016-09-23,112.709999,AAPL
2016-09-26,112.879997,AAPL
2016-09-27,113.089996,AAPL
2016-09-28,113.949997,AAPL
2016-09-29,112.18,AAPL
2016-09-30,113.050003,AAPL
2016-10-03,112.519997,AAPL
2016-10-04,113,AAPL
2016-10-05,113.050003,AAPL
2016-10-06,113.889999,AAPL
2016-10-07,114.059998,AAPL
2016-10-10,116.050003,AAPL
2016-10-11,116.300003,AAPL
2016-10-12,117.339996,AAPL
2016-10-13,116.980003,AAPL
2016-10-14,117.629997,AAPL
2016-10-17,117.550003,AAPL
2016-10-18,117.470001,AAPL
2016-10-19,117.120003,AAPL
2016-10-20,117.059998,AAPL
2016-10-21,116.599998,AAPL
2016-10-24,117.650002,AAPL
2016-10-25,118.25,AAPL
2016-10-26,115.589996,AAPL
2016-10-27,114.480003,AAPL
2016-10-28,113.720001,AAPL
2016-10-31,113.540001,AAPL
2016-11-01,111.489998,AAPL
2016-11-02,111.589996,AAPL
2016-11-03,109.830002,AAPL
2016-11-04,108.839996,AAPL
2016-11-07,110.410004,AAPL
2016-11-08,111.059998,AAPL
2016-11-09,110.879997,AAPL
2016-11-10,107.790001,AAPL
2016-11-11,108.43,AAPL
2016-11-14,105.709999,AAPL
2016-11-15,107.110001,AAPL
2016-11-16,109.989998,AAPL
2016-11-17,109.949997,AAPL
2016-11-18,110.059998,AAPL
2016-11-21,111.730003,AAPL
2016-11-22,111.800003,AAPL
2016-11-23,111.230003,AAPL
2016-11-25,111.790001,AAPL
2016-11-28,111.57,AAPL
2016-11-29,111.459999,AAPL
2016-11-30,110.519997,AAPL
2016-12-01,109.489998,AAPL
2016-12-02,109.900002,AAPL
2016-12-05,109.110001,AAPL
2016-12-06,109.949997,AAPL
2016-12-07,111.029999,AAPL
2016-12-08,112.120003,AAPL
2016-12-09,113.949997,AAPL
2016-12-12,113.300003,AAPL
2016-12-13,115.190002,AAPL
2016-12-14,115.190002,AAPL
2016-12-15,115.82,AAPL
2016-12-16,115.970001,AAPL
2016-12-19,116.639999,AAPL
2016-12-20,116.949997,AAPL
2016-12-21,117.059998,AAPL
2016-12-22,116.290001,AAPL
2016-12-23,116.519997,AAPL
2016-12-27,117.260002,AAPL
2016-12-28,116.760002,AAPL
2016-12-29,116.730003,AAPL
2016-12-30,115.82,AAPL
2017-01-03,116.150002,AAPL
2017-01-04,116.019997,AAPL
2017-01-05,116.610001,AAPL
2017-01-06,117.910004,AAPL
2017-01-09,118.989998,AAPL
2017-01-10,119.110001,AAPL
2017-01-11,119.75,AAPL
2017-01-12,119.25,AAPL
2017-01-13,119.040001,AAPL
2017-01-17,120,AAPL
2017-01-18,119.989998,AAPL
2017-01-19,119.779999,AAPL
2017-01-20,120,AAPL
2017-01-23,120.080002,AAPL
2017-01-24,119.970001,AAPL
2017-01-25,121.879997,AAPL
2017-01-26,121.940002,AAPL
2017-01-27,121.949997,AAPL
2017-01-30,121.629997,AAPL
2017-01-31,121.349998,AAPL
2017-02-01,128.75,AAPL
2017-02-02,128.529999,AAPL
2017-02-03,129.080002,AAPL
2017-02-06,130.289993,AAPL
2017-02-07,131.529999,AAPL
2017-02-08,132.039993,AAPL
2017-02-09,132.419998,AAPL
2017-02-10,132.119995,AAPL
2017-02-13,133.289993,AAPL
2017-02-14,135.020004,AAPL
2017-02-15,135.509995,AAPL
2017-02-16,135.350006,AAPL
2017-02-17,135.720001,AAPL
2017-02-21,136.699997,AAPL
2017-02-22,137.110001,AAPL
2017-02-23,136.529999,AAPL
2017-02-24,136.660004,AAPL
2017-02-27,136.929993,AAPL
2017-02-28,136.990005,AAPL
2017-03-01,139.789993,AAPL
2017-03-02,138.960007,AAPL
2017-03-03,139.779999,AAPL
2017-03-06,139.339996,AAPL
2017-03-07,139.520004,AAPL
2017-03-08,139,AAPL
2017-03-09,138.679993,AAPL
2017-03-10,139.139999,AAPL
2017-03-13,139.199997,AAPL
2017-03-14,138.990005,AAPL
2017-03-15,140.460007,AAPL
2017-03-16,140.690002,AAPL
2017-03-17,139.990005,AAPL
2017-03-20,141.460007,AAPL
2017-03-21,139.839996,AAPL
2017-03-22,141.419998,AAPL
2017-03-23,140.919998,AAPL
2017-03-24,140.639999,AAPL
2017-03-27,140.880005,AAPL
2017-03-28,143.800003,AAPL
2017-03-29,144.119995,AAPL
2017-03-30,143.929993,AAPL
2017-03-31,143.660004,AAPL
2017-04-03,143.699997,AAPL
2017-04-04,144.770004,AAPL
2017-04-05,144.020004,AAPL
2017-04-06,143.660004,AAPL
2017-04-07,143.339996,AAPL
2017-04-10,143.169998,AAPL
2017-04-11,141.630005,AAPL
2017-04-12,141.800003,AAPL
2017-04-13,141.050003,AAPL
2017-04-17,141.830002,AAPL
2017-04-18,141.199997,AAPL
2017-04-19,140.679993,AAPL
2017-04-20,142.440002,AAPL
2017-04-21,142.270004,AAPL
2017-04-24,143.639999,AAPL
2017-04-25,144.529999,AAPL
2017-04-26,143.679993,AAPL
2017-04-27,143.789993,AAPL
2017-04-28,143.649994,AAPL
2017-05-01,146.580002,AAPL
2017-05-02,147.509995,AAPL
2017-05-03,147.059998,AAPL
2017-05-04,146.529999,AAPL
2017-05-05,148.960007,AAPL
2017-05-08,153.009995,AAPL
2017-05-09,153.990005,AAPL
2017-05-10,153.259995,AAPL
2017-05-11,153.949997,AAPL
2017-05-12,156.100006,AAPL
2017-05-15,155.699997,AAPL
2017-05-16,155.470001,AAPL
2017-05-17,150.25,AAPL
2017-05-18,152.539993,AAPL
2017-05-19,153.059998,AAPL
2017-05-22,153.990005,AAPL
2017-05-23,153.800003,AAPL
2017-05-24,153.339996,AAPL
2017-05-25,153.869995,AAPL
2017-05-26,153.610001,AAPL
2017-05-30,153.669998,AAPL
2017-05-31,152.759995,AAPL
2017-06-01,153.179993,AAPL
2017-06-02,155.449997,AAPL
2017-06-05,153.929993,AAPL
2017-06-06,154.449997,AAPL
2017-06-07,155.369995,AAPL
2017-06-08,154.990005,AAPL
2017-06-09,148.979996,AAPL
2017-06-12,145.419998,AAPL
2017-06-13,146.589996,AAPL
2017-06-14,145.160004,AAPL
2017-06-15,144.289993,AAPL
2017-06-16,142.270004,AAPL
2017-06-19,146.339996,AAPL
2017-06-20,145.009995,AAPL
2017-06-21,145.869995,AAPL
2017-06-22,145.630005,AAPL
2017-06-23,146.279999,AAPL
2017-06-26,145.820007,AAPL
2017-06-27,143.729996,AAPL
2017-06-28,145.830002,AAPL
2017-06-29,143.679993,AAPL
2017-06-30,144.020004,AAPL
2017-07-03,143.5,AAPL
2017-07-05,144.089996,AAPL
2017-07-06,142.729996,AAPL
2017-07-07,144.179993,AAPL
2017-07-10,145.059998,AAPL
2017-07-11,145.529999,AAPL
2017-07-12,145.740005,AAPL
2017-07-13,147.770004,AAPL
2017-07-14,149.039993,AAPL
2017-07-17,149.559998,AAPL
2017-07-18,150.080002,AAPL
2017-07-19,151.020004,AAPL
2017-07-20,150.339996,AAPL
2017-07-21,150.270004,AAPL
2017-07-24,152.089996,AAPL
2017-07-25,152.740005,AAPL
2017-07-26,153.460007,AAPL
2017-07-27,150.559998,AAPL
2017-07-28,149.5,AAPL
2017-07-31,148.729996,AAPL
2017-08-01,150.050003,AAPL
2017-08-02,157.139999,AAPL
2017-08-03,155.570007,AAPL
2017-08-04,156.389999,AAPL
2017-08-07,158.809998,AAPL
2017-08-08,160.080002,AAPL
2017-08-09,161.059998,AAPL
2017-08-10,155.320007,AAPL
2017-08-11,157.479996,AAPL
2017-08-14,159.850006,AAPL
2017-08-15,161.600006,AAPL
2017-08-16,160.949997,AAPL
2017-08-17,157.860001,AAPL
2017-08-18,157.5,AAPL
2017-08-21,157.210007,AAPL
2017-08-22,159.779999,AAPL
2017-08-23,159.979996,AAPL
2017-08-24,159.270004,AAPL
2017-08-25,159.860001,AAPL
2017-08-28,161.470001,AAPL
2017-08-29,162.910004,AAPL
2017-08-30,163.350006,AAPL
2017-08-31,164,AAPL
2017-09-01,164.050003,AAPL
2017-09-05,162.080002,AAPL
2017-09-06,161.910004,AAPL
2017-09-07,161.259995,AAPL
2017-09-08,158.630005,AAPL
2017-09-11,161.5,AAPL
2017-09-12,160.860001,AAPL
2017-09-13,159.649994,AAPL
2017-09-14,158.279999,AAPL
2017-09-15,159.880005,AAPL
2017-09-18,158.669998,AAPL
2017-09-19,158.729996,AAPL
2017-09-20,156.070007,AAPL
2017-09-21,153.389999,AAPL
2017-09-22,151.889999,AAPL
2017-09-25,150.550003,AAPL
2017-09-26,153.139999,AAPL
2017-09-27,154.229996,AAPL
2017-09-28,153.279999,AAPL
2017-09-29,154.119995,AAPL
2017-10-02,153.809998,AAPL
2017-10-03,154.479996,AAPL
2017-10-04,153.479996,AAPL
2017-10-05,155.389999,AAPL
2017-10-06,155.300003,AAPL
2017-10-09,155.839996,AAPL
2017-10-10,155.899994,AAPL
2017-10-11,156.550003,AAPL
2017-10-12,156,AAPL
2017-10-13,156.990005,AAPL
2017-10-16,159.880005,AAPL
2017-10-17,160.470001,AAPL
2017-10-18,159.759995,AAPL
2017-10-19,155.979996,AAPL
2017-10-20,156.25,AAPL
2017-10-23,156.169998,AAPL
2017-10-24,157.100006,AAPL
2017-10-25,156.410004,AAPL
2017-10-26,157.410004,AAPL
2017-10-27,163.050003,AAPL
2017-10-30,166.720001,AAPL
2017-10-31,169.039993,AAPL
2017-11-01,166.889999,AAPL
2017-11-02,168.110001,AAPL
2017-11-03,172.5,AAPL
2017-11-06,174.25,AAPL
2017-11-07,174.809998,AAPL
2017-11-08,176.240005,AAPL
2017-11-09,175.880005,AAPL
2017-11-10,174.669998,AAPL
2017-11-13,173.970001,AAPL
2017-11-14,171.339996,AAPL
2017-11-15,169.080002,AAPL
2017-11-16,171.100006,AAPL
2017-11-17,170.149994,AAPL
2017-11-20,169.979996,AAPL
2017-11-21,173.139999,AAPL
2017-11-22,174.960007,AAPL
2017-11-24,174.970001,AAPL
2017-11-27,174.089996,AAPL
2017-11-28,173.070007,AAPL
2017-11-29,169.479996,AAPL
2017-11-30,171.850006,AAPL
2017-12-01,171.050003,AAPL
2017-12-04,169.800003,AAPL
2017-12-05,169.639999,AAPL
2017-12-06,169.009995,AAPL
2017-12-07,169.320007,AAPL
2017-12-08,169.369995,AAPL
2017-12-11,172.669998,AAPL
2017-12-12,171.699997,AAPL
2017-12-13,172.270004,AAPL
2017-12-14,172.220001,AAPL
2017-12-15,173.970001,AAPL
2017-12-18,176.419998,AAPL
2017-12-19,174.539993,AAPL
2017-12-20,174.350006,AAPL
2017-12-21,175.009995,AAPL
2017-12-22,175.009995,AAPL
2017-12-26,170.570007,AAPL
2017-12-27,170.600006,AAPL
2017-12-28,171.080002,AAPL
2017-12-29,169.229996,AAPL
2018-01-02,172.259995,AAPL
2018-01-03,172.229996,AAPL
2018-01-04,173.029999,AAPL
2018-01-05,175,AAPL
2018-01-08,174.350006,AAPL
2018-01-09,174.330002,AAPL
2018-01-10,174.289993,AAPL
2018-01-11,175.279999,AAPL
2018-01-12,177.089996,AAPL
2018-01-16,176.190002,AAPL
2018-01-17,179.100006,AAPL
2018-01-18,179.259995,AAPL
2018-01-19,178.460007,AAPL
2018-01-22,177,AAPL
2018-01-23,177.039993,AAPL
2018-01-24,174.220001,AAPL
2018-01-25,171.110001,AAPL
2018-01-26,171.509995,AAPL
2018-01-29,167.960007,AAPL
2018-01-30,166.970001,AAPL
2018-01-31,167.429993,AAPL
2018-02-01,167.779999,AAPL
2018-02-02,160.5,AAPL
2018-02-05,156.490005,AAPL
2018-02-06,163.029999,AAPL
2018-02-07,159.539993,AAPL
2018-02-08,155.149994,AAPL
2018-02-09,156.410004,AAPL
2018-02-12,162.710007,AAPL
2018-02-13,164.339996,AAPL
2018-02-14,167.369995,AAPL
2018-02-15,172.990005,AAPL
2018-02-16,172.429993,AAPL
2018-02-20,171.850006,AAPL
2018-02-21,171.070007,AAPL
2018-02-22,172.5,AAPL
2018-02-23,175.5,AAPL
2018-02-26,178.970001,AAPL
2018-02-27,178.389999,AAPL
2018-02-28,178.119995,AAPL
2018-03-01,175,AAPL
2018-03-02,176.210007,AAPL
2018-03-05,176.820007,AAPL
2018-03-06,176.669998,AAPL
2018-03-07,175.029999,AAPL
2018-03-08,176.940002,AAPL
2018-03-09,179.979996,AAPL
2018-03-12,181.720001,AAPL
2018-03-13,179.970001,AAPL
2018-03-14,178.440002,AAPL
2018-03-15,178.649994,AAPL
2018-03-16,178.020004,AAPL
2018-03-19,175.300003,AAPL
2018-03-20,175.240005,AAPL
2018-03-21,171.270004,AAPL
2018-03-22,168.850006,AAPL
2018-03-23,164.940002,AAPL
2018-03-26,172.770004,AAPL
2018-03-27,168.339996,AAPL
2018-03-28,166.479996,AAPL
2018-03-29,167.779999,AAPL
2018-04-02,166.679993,AAPL
2018-04-03,168.389999,AAPL
2018-04-04,171.610001,AAPL
2018-04-05,172.800003,AAPL
2018-04-06,168.380005,AAPL
2018-04-09,170.050003,AAPL
2018-04-10,173.25,AAPL
2018-04-11,172.440002,AAPL
2018-04-12,174.139999,AAPL
2018-04-13,174.729996,AAPL
2018-04-16,175.820007,AAPL
2018-04-17,178.240005,AAPL
2018-04-18,177.839996,AAPL
2018-04-19,172.800003,AAPL
2018-04-20,165.720001,AAPL
2018-04-23,165.240005,AAPL
2018-04-24,162.940002,AAPL
2018-04-25,163.649994,AAPL
2018-04-26,164.220001,AAPL
2018-04-27,162.320007,AAPL
2018-04-30,165.259995,AAPL
2018-05-01,169.100006,AAPL
2018-05-02,176.570007,AAPL
2018-05-03,176.889999,AAPL
2018-05-04,183.830002,AAPL
2018-05-07,185.160004,AAPL
2018-05-08,186.050003,AAPL
2018-05-09,187.360001,AAPL
2018-05-10,190.039993,AAPL
2018-05-11,188.589996,AAPL
2018-05-14,188.149994,AAPL
2018-05-15,186.440002,AAPL
2018-05-16,188.179993,AAPL
2018-05-17,186.990005,AAPL
2018-05-18,186.309998,AAPL
2018-05-21,187.630005,AAPL
2018-05-22,187.160004,AAPL
2018-05-23,188.360001,AAPL
2018-05-24,188.149994,AAPL
2018-05-25,188.580002,AAPL
2018-05-29,187.899994,AAPL
2018-05-30,187.5,AAPL
2018-05-31,186.869995,AAPL
2018-06-01,190.240005,AAPL
2018-06-04,191.830002,AAPL
2018-06-05,193.309998,AAPL
2018-06-06,193.979996,AAPL
2018-06-07,193.460007,AAPL
2018-06-08,191.699997,AAPL
2018-06-11,191.229996,AAPL
2018-06-12,192.279999,AAPL
2018-06-13,190.699997,AAPL
2018-06-14,190.800003,AAPL
2018-06-15,188.839996,AAPL
2018-06-18,188.740005,AAPL
2018-06-19,185.690002,AAPL
2018-06-20,186.5,AAPL
2018-06-21,185.460007,AAPL
2018-06-22,184.919998,AAPL
2018-06-25,182.169998,AAPL
2018-06-26,184.429993,AAPL
2018-06-27,184.160004,AAPL
2018-06-28,185.5,AAPL
2018-06-29,185.110001,AAPL
2018-07-02,187.179993,AAPL
2018-07-03,183.919998,AAPL
2018-07-05,185.399994,AAPL
2018-07-06,187.970001,AAPL
2018-07-09,190.580002,AAPL
2018-07-10,190.350006,AAPL
2018-07-11,187.880005,AAPL
2018-07-12,191.029999,AAPL
2018-07-13,191.330002,AAPL
2018-07-16,190.910004,AAPL
2018-07-17,191.449997,AAPL
2018-07-18,190.399994,AAPL
2018-07-19,191.880005,AAPL
2018-07-20,191.440002,AAPL
2018-07-23,191.610001,AAPL
2018-07-24,193,AAPL
2018-07-25,194.820007,AAPL
2018-07-26,194.210007,AAPL
2018-07-27,190.979996,AAPL
2018-07-30,189.910004,AAPL
2018-07-31,190.289993,AAPL
2018-08-01,201.5,AAPL
2018-08-02,207.389999,AAPL
2018-08-03,207.990005,AAPL
2018-08-06,209.070007,AAPL
2018-08-07,207.110001,AAPL
2018-08-08,207.25,AAPL
2018-08-09,208.880005,AAPL
2018-08-10,207.529999,AAPL
2018-08-13,208.869995,AAPL
2018-08-14,209.75,AAPL
2018-08-15,210.240005,AAPL
2018-08-16,213.320007,AAPL
2018-08-17,217.580002,AAPL
2018-08-20,215.460007,AAPL
2018-08-21,215.039993,AAPL
2018-08-22,215.050003,AAPL
2018-08-23,215.490005,AAPL
2018-08-24,216.160004,AAPL
2018-08-27,217.940002,AAPL
2018-08-28,219.699997,AAPL
2018-08-29,222.979996,AAPL
2018-08-30,225.029999,AAPL
2018-08-31,227.630005,AAPL
2018-09-04,228.360001,AAPL
2018-09-05,226.869995,AAPL
2018-09-06,223.100006,AAPL
2018-09-07,221.300003,AAPL
2018-09-10,218.330002,AAPL
2018-09-11,223.850006,AAPL
2018-09-12,221.070007,AAPL
2018-09-13,226.410004,AAPL
2018-09-14,223.839996,AAPL
2018-09-17,217.880005,AAPL
2018-09-18,218.240005,AAPL
2018-09-19,218.369995,AAPL
2018-09-20,220.029999,AAPL
2018-09-21,217.660004,AAPL
2018-09-24,220.789993,AAPL
2018-09-25,222.190002,AAPL
2018-09-26,220.419998,AAPL
2018-09-27,224.949997,AAPL
2018-09-28,225.740005,AAPL
2018-10-01,227.259995,AAPL
2018-10-02,229.279999,AAPL
2018-10-03,232.070007,AAPL
2018-10-04,227.990005,AAPL
2018-10-05,224.289993,AAPL
2018-10-08,223.770004,AAPL
2018-10-09,226.869995,AAPL
2018-10-10,216.360001,AAPL
2018-10-11,214.449997,AAPL
2018-10-12,222.110001,AAPL
2018-10-15,217.360001,AAPL
2018-10-16,222.149994,AAPL
2018-10-17,221.190002,AAPL
2018-10-18,216.020004,AAPL
2018-10-19,219.309998,AAPL
2018-10-22,220.649994,AAPL
2018-10-23,222.729996,AAPL
2018-10-24,215.089996,AAPL
2018-10-25,219.800003,AAPL
2018-10-26,216.300003,AAPL
2018-10-29,212.240005,AAPL
2018-10-30,213.300003,AAPL
2018-10-31,218.860001,AAPL
2018-11-01,222.220001,AAPL
2018-11-02,207.479996,AAPL
2018-11-05,201.589996,AAPL
2018-11-06,203.770004,AAPL
2018-11-07,209.949997,AAPL
2018-11-08,208.490005,AAPL
2018-11-09,204.470001,AAPL
2018-11-12,194.169998,AAPL
2018-11-13,192.229996,AAPL
2018-11-14,186.800003,AAPL
2018-11-15,191.410004,AAPL
2018-11-16,193.529999,AAPL
2018-11-19,185.860001,AAPL
2018-11-20,176.979996,AAPL
2018-11-21,176.779999,AAPL
2018-11-23,172.289993,AAPL
2018-11-26,174.619995,AAPL
2018-11-27,174.240005,AAPL
2018-11-28,180.940002,AAPL
2018-11-29,179.550003,AAPL
2018-11-30,178.580002,AAPL
2018-12-03,184.820007,AAPL
2018-12-04,176.690002,AAPL
2018-12-06,174.720001,AAPL
2018-12-07,168.490005,AAPL
2018-12-10,169.600006,AAPL
2018-12-11,168.630005,AAPL
2018-12-12,169.100006,AAPL
2018-12-13,170.949997,AAPL
2018-12-14,165.479996,AAPL
2018-12-17,163.940002,AAPL
2018-12-18,166.070007,AAPL
2018-12-19,160.889999,AAPL
2018-12-20,156.830002,AAPL
2018-12-21,150.729996,AAPL
2018-12-24,146.830002,AAPL
2018-12-26,157.169998,AAPL
2018-12-27,156.149994,AAPL
2018-12-28,156.229996,AAPL
2018-12-31,157.740005,AAPL
2019-01-02,157.919998,AAPL
2019-01-03,142.190002,AAPL
2019-01-04,148.259995,AAPL
2019-01-07,147.929993,AAPL
2019-01-08,150.75,AAPL
2019-01-09,153.309998,AAPL
2019-01-10,153.800003,AAPL
2019-01-11,152.289993,AAPL
2019-01-14,150,AAPL
2019-01-15,153.070007,AAPL
2019-01-16,154.940002,AAPL
2019-01-17,155.860001,AAPL
2019-01-18,156.820007,AAPL
2019-01-22,153.300003,AAPL
2019-01-23,153.919998,AAPL
2019-01-24,152.699997,AAPL
2019-01-25,157.759995,AAPL
2019-01-28,156.300003,AAPL
2019-01-29,154.679993,AAPL
2019-01-30,165.25,AAPL
2019-01-31,166.440002,AAPL
2019-02-01,166.520004,AAPL
2019-02-04,171.25,AAPL
2019-02-05,174.179993,AAPL
2019-02-06,174.240005,AAPL
2019-02-07,170.940002,AAPL
2019-02-08,170.410004,AAPL
2019-02-11,169.429993,AAPL
2019-02-12,170.889999,AAPL
2019-02-13,170.179993,AAPL
2019-02-14,170.800003,AAPL
2019-02-15,170.419998,AAPL
2019-02-19,170.929993,AAPL
2019-02-20,172.029999,AAPL
2019-02-21,171.059998,AAPL
2019-02-22,172.970001,AAPL
2019-02-25,174.229996,AAPL
2019-02-26,174.330002,AAPL
2019-02-27,174.869995,AAPL
2019-02-28,173.149994,AAPL
2019-03-01,174.970001,AAPL
2019-03-04,175.850006,AAPL
2019-03-05,175.529999,AAPL
2019-03-06,174.520004,AAPL
2019-03-07,172.5,AAPL
2019-03-08,172.910004,AAPL
2019-03-11,178.899994,AAPL
2019-03-12,180.910004,AAPL
2019-03-13,181.710007,AAPL
2019-03-14,183.729996,AAPL
2019-03-15,186.119995,AAPL
2019-03-18,188.020004,AAPL
2019-03-19,186.529999,AAPL
2019-03-20,188.160004,AAPL
2019-03-21,195.089996,AAPL
2019-03-22,191.050003,AAPL
2019-03-25,188.740005,AAPL
2019-03-26,186.789993,AAPL
2019-03-27,188.470001,AAPL
2019-03-28,188.720001,AAPL
2019-03-29,189.949997,AAPL
2019-04-01,191.240005,AAPL
2019-04-02,194.020004,AAPL
2019-04-03,195.350006,AAPL
2019-04-04,195.690002,AAPL
2019-04-05,197,AAPL
2019-04-08,200.100006,AAPL
2019-04-09,199.5,AAPL
2019-04-10,200.619995,AAPL
2019-04-11,198.949997,AAPL
2019-04-12,198.869995,AAPL
2019-04-15,199.229996,AAPL
2019-04-16,199.25,AAPL
2019-04-17,203.130005,AAPL
2019-04-18,203.860001,AAPL
2019-04-22,204.529999,AAPL
2019-04-23,207.479996,AAPL
2019-04-24,207.160004,AAPL
2019-04-25,205.279999,AAPL
2019-04-26,204.300003,AAPL
2019-04-29,204.610001,AAPL
2019-04-30,200.669998,AAPL
2019-05-01,210.520004,AAPL
2019-05-02,209.149994,AAPL
2019-05-03,211.75,AAPL
2019-05-06,208.479996,AAPL
2019-05-07,202.860001,AAPL
2019-05-08,202.899994,AAPL
2019-05-09,200.720001,AAPL
2019-05-10,197.179993,AAPL
2019-05-13,185.720001,AAPL
2019-05-14,188.660004,AAPL
2019-05-15,190.919998,AAPL
2019-05-16,190.080002,AAPL
2019-05-17,189,AAPL
2019-05-20,183.089996,AAPL
2019-05-21,186.600006,AAPL
2019-05-22,182.779999,AAPL
2019-05-23,179.660004,AAPL
2019-05-24,178.970001,AAPL
2019-05-28,178.229996,AAPL
2019-05-29,177.380005,AAPL
2019-05-30,178.300003,AAPL
2019-05-31,175.070007,AAPL
2019-06-03,173.300003,AAPL
2019-06-04,179.639999,AAPL
2019-06-05,182.539993,AAPL
2019-06-06,185.220001,AAPL
2019-06-07,190.149994,AAPL
2019-06-10,192.580002,AAPL
2019-06-11,194.809998,AAPL
2019-06-12,194.190002,AAPL
2019-06-13,194.149994,AAPL
2019-06-14,192.740005,AAPL
2019-06-17,193.889999,AAPL
2019-06-18,198.449997,AAPL
2019-06-19,197.869995,AAPL
2019-06-20,199.460007,AAPL
2019-06-21,198.779999,AAPL
2019-06-24,198.580002,AAPL
2019-06-25,195.570007,AAPL
2019-06-26,199.800003,AAPL
2019-06-27,199.740005,AAPL
2019-06-28,197.919998,AAPL
2019-07-01,201.550003,AAPL
2019-07-02,202.729996,AAPL
2019-07-03,204.410004,AAPL
2019-07-05,204.229996,AAPL
2019-07-08,200.020004,AAPL
2019-07-09,201.240005,AAPL
2019-07-10,203.229996,AAPL
2019-07-11,201.75,AAPL
2019-07-12,203.300003,AAPL
2019-07-15,205.210007,AAPL
2019-07-16,204.5,AAPL
2019-07-17,203.350006,AAPL
2019-07-18,205.660004,AAPL
2019-07-19,202.589996,AAPL
2019-07-22,207.220001,AAPL
2019-07-23,208.839996,AAPL
2019-07-24,208.669998,AAPL
2019-07-25,207.020004,AAPL
2019-07-26,207.740005,AAPL
2019-07-29,209.679993,AAPL
2019-07-30,208.779999,AAPL
2019-07-31,213.039993,AAPL
2019-08-01,208.429993,AAPL
2019-08-02,204.020004,AAPL
2019-08-05,193.339996,AAPL
2019-08-06,197,AAPL
2019-08-07,199.039993,AAPL
2019-08-08,203.429993,AAPL
2019-08-09,200.990005,AAPL
2019-08-12,200.479996,AAPL
2019-08-13,208.970001,AAPL
2019-08-14,202.75,AAPL
2019-08-15,201.740005,AAPL
2019-08-16,206.5,AAPL
2019-08-19,210.350006,AAPL
2019-08-20,210.360001,AAPL
2019-08-21,212.639999,AAPL
2019-08-22,212.460007,AAPL
2019-08-23,202.639999,AAPL
2019-08-26,206.490005,AAPL
2019-08-27,204.160004,AAPL
2019-08-28,205.529999,AAPL
2019-08-29,209.009995,AAPL
2019-08-30,208.740005,AAPL
2019-09-03,205.699997,AAPL
2019-09-04,209.190002,AAPL
2019-09-05,213.279999,AAPL
2019-09-06,213.259995,AAPL
2019-09-09,214.169998,AAPL
2019-09-10,216.699997,AAPL
2019-09-11,223.589996,AAPL
2019-09-12,223.089996,AAPL
2019-09-13,218.75,AAPL
2019-09-16,219.899994,AAPL
2019-09-17,220.699997,AAPL
2019-09-18,222.770004,AAPL
2019-09-19,220.960007,AAPL
2019-09-20,217.729996,AAPL
2019-09-23,218.720001,AAPL
2019-09-24,217.679993,AAPL
2019-09-25,221.029999,AAPL
2019-09-26,219.889999,AAPL
2019-09-27,218.820007,AAPL
2019-09-30,223.970001,AAPL
2019-10-01,224.589996,AAPL
2019-10-02,218.960007,AAPL
2019-10-03,220.820007,AAPL
2019-10-04,227.009995,AAPL
2019-10-07,227.059998,AAPL
2019-10-08,224.399994,AAPL
2019-10-09,227.029999,AAPL
2019-10-10,230.089996,AAPL
2019-10-11,236.210007,AAPL
2019-10-14,235.869995,AAPL
2019-10-15,235.320007,AAPL
2019-10-16,234.369995,AAPL
2019-10-17,235.279999,AAPL
2019-10-18,236.410004,AAPL
2019-10-21,240.509995,AAPL
2019-10-22,239.960007,AAPL
2019-10-23,243.179993,AAPL
2019-10-24,243.580002,AAPL
2019-10-25,246.580002,AAPL
2019-10-28,249.050003,AAPL
2019-10-29,243.289993,AAPL
2019-10-30,243.259995,AAPL
2019-10-31,248.759995,AAPL
2019-11-01,255.820007,AAPL
2019-11-04,257.5,AAPL
2019-11-05,257.130005,AAPL
2019-11-06,257.23999,AAPL
2019-11-07,259.429993,AAPL
2019-11-08,260.140015,AAPL
2019-11-11,262.200012,AAPL
2019-11-12,261.959991,AAPL
2019-11-13,264.470001,AAPL
2019-11-14,262.640015,AAPL
2019-11-15,265.76001,AAPL
2019-11-18,267.100006,AAPL
2019-11-19,266.290009,AAPL
2019-11-20,263.190002,AAPL
2019-11-21,262.01001,AAPL
2019-11-22,261.779999,AAPL
2019-11-25,266.369995,AAPL
2019-11-26,264.290009,AAPL
2019-11-27,267.839996,AAPL
2019-11-29,267.25,AAPL
2019-12-02,264.160004,AAPL
2019-12-03,259.450012,AAPL
2019-12-04,261.73999,AAPL
2019-12-05,265.579987,AAPL
2019-12-06,270.709991,AAPL
2019-12-09,266.920013,AAPL
2019-12-10,268.480011,AAPL
2019-12-11,270.769989,AAPL
2019-12-12,271.459991,AAPL
2019-12-13,275.149994,AAPL
2019-12-16,279.859985,AAPL
2019-12-17,280.410004,AAPL
2019-12-18,279.73999,AAPL
2019-12-19,280.019989,AAPL
2019-12-20,279.440002,AAPL
2019-12-23,284,AAPL
2019-12-24,284.269989,AAPL
2019-12-26,289.910004,AAPL
2019-12-27,289.799988,AAPL
2019-12-30,291.519989,AAPL
2019-12-31,293.649994,AAPL
2020-01-02,300.350006,AAPL
2020-01-03,297.429993,AAPL
2020-01-06,299.799988,AAPL
2020-01-07,298.390015,AAPL
2020-01-08,303.190002,AAPL
2020-01-09,309.630005,AAPL
2020-01-10,310.329987,AAPL
2020-01-13,316.959991,AAPL
2020-01-14,312.679993,AAPL
2020-01-15,311.339996,AAPL
2020-01-16,315.23999,AAPL
2020-01-17,318.730011,AAPL
2020-01-21,316.570007,AAPL
2020-01-22,317.700012,AAPL
2020-01-23,319.230011,AAPL
2020-01-24,318.309998,AAPL
2020-01-27,308.950012,AAPL
2020-01-28,317.690002,AAPL
2020-01-29,324.339996,AAPL
2020-01-30,323.869995,AAPL
2020-01-31,309.51001,AAPL
2020-02-03,308.660004,AAPL
2020-02-04,318.850006,AAPL
2020-02-05,321.450012,AAPL
2020-02-06,325.209991,AAPL
2020-02-07,320.029999,AAPL
2020-02-10,321.549988,AAPL
2020-02-11,319.609985,AAPL
2020-02-12,327.200012,AAPL
2020-02-13,324.869995,AAPL
2020-02-14,324.950012,AAPL
2020-02-18,319,AAPL
2020-02-19,323.619995,AAPL
2020-02-20,320.299988,AAPL
2020-02-21,313.049988,AAPL
2020-02-24,298.179993,AAPL
2020-02-25,288.079987,AAPL
2020-02-26,292.649994,AAPL
2020-02-27,273.519989,AAPL
2020-02-28,273.359985,AAPL
2020-03-02,298.809998,AAPL
2020-03-03,289.320007,AAPL
2020-03-04,302.73999,AAPL
2020-03-05,292.920013,AAPL
2020-03-06,289.029999,AAPL
2020-03-09,266.170013,AAPL
2020-03-10,285.339996,AAPL
2020-03-11,275.429993,AAPL
2020-03-12,248.229996,AAPL
2020-03-13,277.970001,AAPL
2020-03-16,242.210007,AAPL
2020-03-17,252.860001,AAPL
2020-03-18,246.669998,AAPL
2020-03-19,244.779999,AAPL
2020-03-20,229.240005,AAPL
2020-03-23,224.369995,AAPL
2020-03-24,246.880005,AAPL
2020-03-25,245.520004,AAPL
2020-03-26,258.440002,AAPL
2020-03-27,247.740005,AAPL
2020-03-30,254.809998,AAPL
2020-03-31,254.289993,AAPL
2020-04-01,240.910004,AAPL
2020-04-02,244.929993,AAPL
2020-04-03,241.410004,AAPL
2020-04-06,262.470001,AAPL
2020-04-07,259.429993,AAPL
2020-04-08,266.070007,AAPL
2020-04-09,267.98999,AAPL
2020-04-13,273.25,AAPL
2020-04-14,287.049988,AAPL
2020-04-15,284.429993,AAPL
2020-04-16,286.690002,AAPL
2020-04-17,282.799988,AAPL
2020-04-20,276.929993,AAPL
2020-04-21,268.369995,AAPL
2020-04-22,276.100006,AAPL
2020-04-23,275.029999,AAPL
2020-04-24,282.970001,AAPL
2020-04-27,283.170013,AAPL
2020-04-28,278.579987,AAPL
2020-04-29,287.730011,AAPL
2020-04-30,293.799988,AAPL
2020-05-01,289.070007,AAPL
2020-05-04,293.160004,AAPL
2020-05-05,297.559998,AAPL
2020-05-06,300.630005,AAPL
2020-05-07,303.73999,AAPL
2020-05-08,310.130005,AAPL
2020-05-11,315.01001,AAPL
2020-05-12,311.410004,AAPL
2020-05-13,307.649994,AAPL
2020-05-14,309.540009,AAPL
2020-05-15,307.709991,AAPL
2020-05-18,314.959991,AAPL
2020-05-19,313.140015,AAPL
2020-05-20,319.230011,AAPL
2020-05-21,316.850006,AAPL
2020-05-22,318.890015,AAPL
2020-05-26,316.730011,AAPL
2020-05-27,318.109985,AAPL
2020-05-28,318.25,AAPL
2020-05-29,317.940002,AAPL
2020-06-01,321.850006,AAPL
2020-06-02,323.339996,AAPL
2020-06-03,325.119995,AAPL
2020-06-04,322.320007,AAPL
2015-01-02,46.759998,MSFT
2015-01-05,46.330002,MSFT
2015-01-06,45.650002,MSFT
2015-01-07,46.23,MSFT
2015-01-08,47.59,MSFT
2015-01-09,47.189999,MSFT
2015-01-12,46.599998,MSFT
2015-01-13,46.360001,MSFT
2015-01-14,45.959999,MSFT
2015-01-15,45.48,MSFT
2015-01-16,46.240002,MSFT
2015-01-20,46.389999,MSFT
2015-01-21,45.919998,MSFT
2015-01-22,47.130001,MSFT
2015-01-23,47.18,MSFT
2015-01-26,47.009998,MSFT
2015-01-27,42.66,MSFT
2015-01-28,41.189999,MSFT
2015-01-29,42.009998,MSFT
2015-01-30,40.400002,MSFT
2015-02-02,41.279999,MSFT
2015-02-03,41.599998,MSFT
2015-02-04,41.84,MSFT
2015-02-05,42.450001,MSFT
2015-02-06,42.41,MSFT
2015-02-09,42.360001,MSFT
2015-02-10,42.599998,MSFT
2015-02-11,42.380001,MSFT
2015-02-12,43.09,MSFT
2015-02-13,43.869999,MSFT
2015-02-17,43.580002,MSFT
2015-02-18,43.529999,MSFT
2015-02-19,43.5,MSFT
2015-02-20,43.860001,MSFT
2015-02-23,44.150002,MSFT
2015-02-24,44.09,MSFT
2015-02-25,43.990002,MSFT
2015-02-26,44.060001,MSFT
2015-02-27,43.849998,MSFT
2015-03-02,43.880001,MSFT
2015-03-03,43.279999,MSFT
2015-03-04,43.060001,MSFT
2015-03-05,43.110001,MSFT
2015-03-06,42.360001,MSFT
2015-03-09,42.849998,MSFT
2015-03-10,42.029999,MSFT
2015-03-11,41.98,MSFT
2015-03-12,41.02,MSFT
2015-03-13,41.380001,MSFT
2015-03-16,41.560001,MSFT
2015-03-17,41.700001,MSFT
2015-03-18,42.5,MSFT
2015-03-19,42.290001,MSFT
2015-03-20,42.880001,MSFT
2015-03-23,42.860001,MSFT
2015-03-24,42.900002,MSFT
2015-03-25,41.459999,MSFT
2015-03-26,41.209999,MSFT
2015-03-27,40.970001,MSFT
2015-03-30,40.959999,MSFT
2015-03-31,40.66,MSFT
2015-04-01,40.720001,MSFT
2015-04-02,40.290001,MSFT
2015-04-06,41.549999,MSFT
2015-04-07,41.529999,MSFT
2015-04-08,41.419998,MSFT
2015-04-09,41.48,MSFT
2015-04-10,41.720001,MSFT
2015-04-13,41.759998,MSFT
2015-04-14,41.650002,MSFT
2015-04-15,42.259998,MSFT
2015-04-16,42.16,MSFT
2015-04-17,41.619999,MSFT
2015-04-20,42.91,MSFT
2015-04-21,42.639999,MSFT
2015-04-22,42.990002,MSFT
2015-04-23,43.34,MSFT
2015-04-24,47.869999,MSFT
2015-04-27,48.029999,MSFT
2015-04-28,49.16,MSFT
2015-04-29,49.060001,MSFT
2015-04-30,48.639999,MSFT
2015-05-01,48.66,MSFT
2015-05-04,48.240002,MSFT
2015-05-05,47.599998,MSFT
2015-05-06,46.279999,MSFT
2015-05-07,46.700001,MSFT
2015-05-08,47.75,MSFT
2015-05-11,47.369999,MSFT
2015-05-12,47.349998,MSFT
2015-05-13,47.630001,MSFT
2015-05-14,48.720001,MSFT
2015-05-15,48.299999,MSFT
2015-05-18,48.009998,MSFT
2015-05-19,47.580002,MSFT
2015-05-20,47.580002,MSFT
2015-05-21,47.419998,MSFT
2015-05-22,46.900002,MSFT
2015-05-26,46.59,MSFT
2015-05-27,47.610001,MSFT
2015-05-28,47.450001,MSFT
2015-05-29,46.860001,MSFT
2015-06-01,47.23,MSFT
2015-06-02,46.919998,MSFT
2015-06-03,46.849998,MSFT
2015-06-04,46.360001,MSFT
2015-06-05,46.139999,MSFT
2015-06-08,45.73,MSFT
2015-06-09,45.650002,MSFT
2015-06-10,46.610001,MSFT
2015-06-11,46.439999,MSFT
2015-06-12,45.970001,MSFT
2015-06-15,45.48,MSFT
2015-06-16,45.830002,MSFT
2015-06-17,45.970001,MSFT
2015-06-18,46.720001,MSFT
2015-06-19,46.099998,MSFT
2015-06-22,46.23,MSFT
2015-06-23,45.91,MSFT
2015-06-24,45.639999,MSFT
2015-06-25,45.650002,MSFT
2015-06-26,45.259998,MSFT
2015-06-29,44.369999,MSFT
2015-06-30,44.150002,MSFT
2015-07-01,44.450001,MSFT
2015-07-02,44.400002,MSFT
2015-07-06,44.389999,MSFT
2015-07-07,44.299999,MSFT
2015-07-08,44.240002,MSFT
2015-07-09,44.52,MSFT
2015-07-10,44.610001,MSFT
2015-07-13,45.540001,MSFT
2015-07-14,45.619999,MSFT
2015-07-15,45.759998,MSFT
2015-07-16,46.66,MSFT
2015-07-17,46.619999,MSFT
2015-07-20,46.919998,MSFT
2015-07-21,47.279999,MSFT
2015-07-22,45.540001,MSFT
2015-07-23,46.110001,MSFT
2015-07-24,45.939999,MSFT
2015-07-27,45.349998,MSFT
2015-07-28,45.34,MSFT
2015-07-29,46.290001,MSFT
2015-07-30,46.880001,MSFT
2015-07-31,46.700001,MSFT
2015-08-03,46.810001,MSFT
2015-08-04,47.540001,MSFT
2015-08-05,47.580002,MSFT
2015-08-06,46.619999,MSFT
2015-08-07,46.740002,MSFT
2015-08-10,47.330002,MSFT
2015-08-11,46.41,MSFT
2015-08-12,46.740002,MSFT
2015-08-13,46.73,MSFT
2015-08-14,47,MSFT
2015-08-17,47.32,MSFT
2015-08-18,47.27,MSFT
2015-08-19,46.610001,MSFT
2015-08-20,45.66,MSFT
2015-08-21,43.07,MSFT
2015-08-24,41.68,MSFT
2015-08-25,40.470001,MSFT
2015-08-26,42.709999,MSFT
2015-08-27,43.900002,MSFT
2015-08-28,43.93,MSFT
2015-08-31,43.52,MSFT
2015-09-01,41.82,MSFT
2015-09-02,43.360001,MSFT
2015-09-03,43.5,MSFT
2015-09-04,42.610001,MSFT
2015-09-08,43.889999,MSFT
2015-09-09,43.07,MSFT
2015-09-10,43.290001,MSFT
2015-09-11,43.48,MSFT
2015-09-14,43.040001,MSFT
2015-09-15,43.98,MSFT
2015-09-16,44.299999,MSFT
2015-09-17,44.25,MSFT
2015-09-18,43.48,MSFT
2015-09-21,44.110001,MSFT
2015-09-22,43.900002,MSFT
2015-09-23,43.869999,MSFT
2015-09-24,43.91,MSFT
2015-09-25,43.939999,MSFT
2015-09-28,43.290001,MSFT
2015-09-29,43.439999,MSFT
2015-09-30,44.259998,MSFT
2015-10-01,44.610001,MSFT
2015-10-02,45.57,MSFT
2015-10-05,46.630001,MSFT
2015-10-06,46.75,MSFT
2015-10-07,46.799999,MSFT
2015-10-08,47.450001,MSFT
2015-10-09,47.110001,MSFT
2015-10-12,47,MSFT
2015-10-13,46.889999,MSFT
2015-10-14,46.68,MSFT
2015-10-15,47.009998,MSFT
2015-10-16,47.509998,MSFT
2015-10-19,47.619999,MSFT
2015-10-20,47.77,MSFT
2015-10-21,47.200001,MSFT
2015-10-22,48.029999,MSFT
2015-10-23,52.869999,MSFT
2015-10-26,54.25,MSFT
2015-10-27,53.689999,MSFT
2015-10-28,53.98,MSFT
2015-10-29,53.360001,MSFT
2015-10-30,52.639999,MSFT
2015-11-02,53.240002,MSFT
2015-11-03,54.150002,MSFT
2015-11-04,54.400002,MSFT
2015-11-05,54.380001,MSFT
2015-11-06,54.919998,MSFT
2015-11-09,54.16,MSFT
2015-11-10,53.509998,MSFT
2015-11-11,53.650002,MSFT
2015-11-12,53.32,MSFT
2015-11-13,52.84,MSFT
2015-11-16,53.77,MSFT
2015-11-17,52.970001,MSFT
2015-11-18,53.849998,MSFT
2015-11-19,53.939999,MSFT
2015-11-20,54.189999,MSFT
2015-11-23,54.189999,MSFT
2015-11-24,54.25,MSFT
2015-11-25,53.689999,MSFT
2015-11-27,53.93,MSFT
2015-11-30,54.349998,MSFT
2015-12-01,55.220001,MSFT
2015-12-02,55.209999,MSFT
2015-12-03,54.200001,MSFT
2015-12-04,55.91,MSFT
2015-12-07,55.810001,MSFT
2015-12-08,55.790001,MSFT
2015-12-09,54.98,MSFT
2015-12-10,55.27,MSFT
2015-12-11,54.060001,MSFT
2015-12-14,55.139999,MSFT
2015-12-15,55.200001,MSFT
2015-12-16,56.130001,MSFT
2015-12-17,55.700001,MSFT
2015-12-18,54.130001,MSFT
2015-12-21,54.830002,MSFT
2015-12-22,55.349998,MSFT
2015-12-23,55.82,MSFT
2015-12-24,55.669998,MSFT
2015-12-28,55.950001,MSFT
2015-12-29,56.549999,MSFT
2015-12-30,56.310001,MSFT
2015-12-31,55.48,MSFT
2016-01-04,54.799999,MSFT
2016-01-05,55.049999,MSFT
2016-01-06,54.049999,MSFT
2016-01-07,52.169998,MSFT
2016-01-08,52.330002,MSFT
2016-01-11,52.299999,MSFT
2016-01-12,52.779999,MSFT
2016-01-13,51.639999,MSFT
2016-01-14,53.110001,MSFT
2016-01-15,50.990002,MSFT
2016-01-19,50.560001,MSFT
2016-01-20,50.790001,MSFT
2016-01-21,50.48,MSFT
2016-01-22,52.290001,MSFT
2016-01-25,51.790001,MSFT
2016-01-26,52.169998,MSFT
2016-01-27,51.220001,MSFT
2016-01-28,52.060001,MSFT
2016-01-29,55.09,MSFT
2016-02-01,54.709999,MSFT
2016-02-02,53,MSFT
2016-02-03,52.16,MSFT
2016-02-04,52,MSFT
2016-02-05,50.16,MSFT
2016-02-08,49.41,MSFT
2016-02-09,49.279999,MSFT
2016-02-10,49.709999,MSFT
2016-02-11,49.689999,MSFT
2016-02-12,50.5,MSFT
2016-02-16,51.09,MSFT
2016-02-17,52.419998,MSFT
2016-02-18,52.189999,MSFT
2016-02-19,51.82,MSFT
2016-02-22,52.650002,MSFT
2016-02-23,51.18,MSFT
2016-02-24,51.360001,MSFT
2016-02-25,52.099998,MSFT
2016-02-26,51.299999,MSFT
2016-02-29,50.880001,MSFT
2016-03-01,52.580002,MSFT
2016-03-02,52.950001,MSFT
2016-03-03,52.349998,MSFT
2016-03-04,52.029999,MSFT
2016-03-07,51.029999,MSFT
2016-03-08,51.650002,MSFT
2016-03-09,52.84,MSFT
2016-03-10,52.049999,MSFT
2016-03-11,53.07,MSFT
2016-03-14,53.169998,MSFT
2016-03-15,53.59,MSFT
2016-03-16,54.349998,MSFT
2016-03-17,54.66,MSFT
2016-03-18,53.490002,MSFT
2016-03-21,53.860001,MSFT
2016-03-22,54.07,MSFT
2016-03-23,53.970001,MSFT
2016-03-24,54.209999,MSFT
2016-03-28,53.540001,MSFT
2016-03-29,54.709999,MSFT
2016-03-30,55.049999,MSFT
2016-03-31,55.23,MSFT
2016-04-01,55.57,MSFT
2016-04-04,55.43,MSFT
2016-04-05,54.560001,MSFT
2016-04-06,55.119999,MSFT
2016-04-07,54.459999,MSFT
2016-04-08,54.419998,MSFT
2016-04-11,54.310001,MSFT
2016-04-12,54.650002,MSFT
2016-04-13,55.349998,MSFT
2016-04-14,55.360001,MSFT
2016-04-15,55.650002,MSFT
2016-04-18,56.459999,MSFT
2016-04-19,56.389999,MSFT
2016-04-20,55.59,MSFT
2016-04-21,55.779999,MSFT
2016-04-22,51.779999,MSFT
2016-04-25,52.110001,MSFT
2016-04-26,51.439999,MSFT
2016-04-27,50.939999,MSFT
2016-04-28,49.900002,MSFT
2016-04-29,49.869999,MSFT
2016-05-02,50.610001,MSFT
2016-05-03,49.779999,MSFT
2016-05-04,49.869999,MSFT
2016-05-05,49.939999,MSFT
2016-05-06,50.389999,MSFT
2016-05-09,50.07,MSFT
2016-05-10,51.02,MSFT
2016-05-11,51.049999,MSFT
2016-05-12,51.509998,MSFT
2016-05-13,51.080002,MSFT
2016-05-16,51.830002,MSFT
2016-05-17,50.509998,MSFT
2016-05-18,50.810001,MSFT
2016-05-19,50.32,MSFT
2016-05-20,50.619999,MSFT
2016-05-23,50.029999,MSFT
2016-05-24,51.59,MSFT
2016-05-25,52.119999,MSFT
2016-05-26,51.889999,MSFT
2016-05-27,52.32,MSFT
2016-05-31,53,MSFT
2016-06-01,52.849998,MSFT
2016-06-02,52.48,MSFT
2016-06-03,51.790001,MSFT
2016-06-06,52.130001,MSFT
2016-06-07,52.099998,MSFT
2016-06-08,52.040001,MSFT
2016-06-09,51.619999,MSFT
2016-06-10,51.48,MSFT
2016-06-13,50.139999,MSFT
2016-06-14,49.830002,MSFT
2016-06-15,49.689999,MSFT
2016-06-16,50.389999,MSFT
2016-06-17,50.130001,MSFT
2016-06-20,50.07,MSFT
2016-06-21,51.189999,MSFT
2016-06-22,50.990002,MSFT
2016-06-23,51.91,MSFT
2016-06-24,49.830002,MSFT
2016-06-27,48.43,MSFT
2016-06-28,49.439999,MSFT
2016-06-29,50.540001,MSFT
2016-06-30,51.169998,MSFT
2016-07-01,51.16,MSFT
2016-07-05,51.169998,MSFT
2016-07-06,51.380001,MSFT
2016-07-07,51.380001,MSFT
2016-07-08,52.299999,MSFT
2016-07-11,52.59,MSFT
2016-07-12,53.209999,MSFT
2016-07-13,53.509998,MSFT
2016-07-14,53.740002,MSFT
2016-07-15,53.700001,MSFT
2016-07-18,53.959999,MSFT
2016-07-19,53.09,MSFT
2016-07-20,55.91,MSFT
2016-07-21,55.799999,MSFT
2016-07-22,56.57,MSFT
2016-07-25,56.73,MSFT
2016-07-26,56.759998,MSFT
2016-07-27,56.189999,MSFT
2016-07-28,56.209999,MSFT
2016-07-29,56.68,MSFT
2016-08-01,56.580002,MSFT
2016-08-02,56.580002,MSFT
2016-08-03,56.970001,MSFT
2016-08-04,57.389999,MSFT
2016-08-05,57.959999,MSFT
2016-08-08,58.060001,MSFT
2016-08-09,58.200001,MSFT
2016-08-10,58.02,MSFT
2016-08-11,58.299999,MSFT
2016-08-12,57.939999,MSFT
2016-08-15,58.119999,MSFT
2016-08-16,57.439999,MSFT
2016-08-17,57.560001,MSFT
2016-08-18,57.599998,MSFT
2016-08-19,57.619999,MSFT
2016-08-22,57.669998,MSFT
2016-08-23,57.889999,MSFT
2016-08-24,57.950001,MSFT
2016-08-25,58.169998,MSFT
2016-08-26,58.029999,MSFT
2016-08-29,58.099998,MSFT
2016-08-30,57.889999,MSFT
2016-08-31,57.459999,MSFT
2016-09-01,57.59,MSFT
2016-09-02,57.669998,MSFT
2016-09-06,57.610001,MSFT
2016-09-07,57.66,MSFT
2016-09-08,57.43,MSFT
2016-09-09,56.209999,MSFT
2016-09-12,57.049999,MSFT
2016-09-13,56.529999,MSFT
2016-09-14,56.259998,MSFT
2016-09-15,57.189999,MSFT
2016-09-16,57.25,MSFT
2016-09-19,56.93,MSFT
2016-09-20,56.810001,MSFT
2016-09-21,57.759998,MSFT
2016-09-22,57.82,MSFT
2016-09-23,57.43,MSFT
2016-09-26,56.900002,MSFT
2016-09-27,57.950001,MSFT
2016-09-28,58.029999,MSFT
2016-09-29,57.400002,MSFT
2016-09-30,57.599998,MSFT
2016-10-03,57.419998,MSFT
2016-10-04,57.240002,MSFT
2016-10-05,57.639999,MSFT
2016-10-06,57.740002,MSFT
2016-10-07,57.799999,MSFT
2016-10-10,58.040001,MSFT
2016-10-11,57.189999,MSFT
2016-10-12,57.110001,MSFT
2016-10-13,56.919998,MSFT
2016-10-14,57.419998,MSFT
2016-10-17,57.220001,MSFT
2016-10-18,57.66,MSFT
2016-10-19,57.529999,MSFT
2016-10-20,57.25,MSFT
2016-10-21,59.66,MSFT
2016-10-24,61,MSFT
2016-10-25,60.990002,MSFT
2016-10-26,60.630001,MSFT
2016-10-27,60.099998,MSFT
2016-10-28,59.869999,MSFT
2016-10-31,59.919998,MSFT
2016-11-01,59.799999,MSFT
2016-11-02,59.43,MSFT
2016-11-03,59.209999,MSFT
2016-11-04,58.709999,MSFT
2016-11-07,60.419998,MSFT
2016-11-08,60.470001,MSFT
2016-11-09,60.169998,MSFT
2016-11-10,58.700001,MSFT
2016-11-11,59.02,MSFT
2016-11-14,58.119999,MSFT
2016-11-15,58.869999,MSFT
2016-11-16,59.650002,MSFT
2016-11-17,60.639999,MSFT
2016-11-18,60.349998,MSFT
2016-11-21,60.860001,MSFT
2016-11-22,61.119999,MSFT
2016-11-23,60.400002,MSFT
2016-11-25,60.529999,MSFT
2016-11-28,60.610001,MSFT
2016-11-29,61.09,MSFT
2016-11-30,60.259998,MSFT
2016-12-01,59.200001,MSFT
2016-12-02,59.25,MSFT
2016-12-05,60.220001,MSFT
2016-12-06,59.950001,MSFT
2016-12-07,61.369999,MSFT
2016-12-08,61.009998,MSFT
2016-12-09,61.970001,MSFT
2016-12-12,62.169998,MSFT
2016-12-13,62.98,MSFT
2016-12-14,62.68,MSFT
2016-12-15,62.580002,MSFT
2016-12-16,62.299999,MSFT
2016-12-19,63.619999,MSFT
2016-12-20,63.540001,MSFT
2016-12-21,63.540001,MSFT
2016-12-22,63.549999,MSFT
2016-12-23,63.240002,MSFT
2016-12-27,63.279999,MSFT
2016-12-28,62.990002,MSFT
2016-12-29,62.900002,MSFT
2016-12-30,62.139999,MSFT
2017-01-03,62.580002,MSFT
2017-01-04,62.299999,MSFT
2017-01-05,62.299999,MSFT
2017-01-06,62.84,MSFT
2017-01-09,62.639999,MSFT
2017-01-10,62.619999,MSFT
2017-01-11,63.189999,MSFT
2017-01-12,62.610001,MSFT
2017-01-13,62.700001,MSFT
2017-01-17,62.529999,MSFT
2017-01-18,62.5,MSFT
2017-01-19,62.299999,MSFT
2017-01-20,62.740002,MSFT
2017-01-23,62.959999,MSFT
2017-01-24,63.52,MSFT
2017-01-25,63.68,MSFT
2017-01-26,64.269997,MSFT
2017-01-27,65.779999,MSFT
2017-01-30,65.129997,MSFT
2017-01-31,64.650002,MSFT
2017-02-01,63.580002,MSFT
2017-02-02,63.169998,MSFT
2017-02-03,63.68,MSFT
2017-02-06,63.639999,MSFT
2017-02-07,63.43,MSFT
2017-02-08,63.34,MSFT
2017-02-09,64.059998,MSFT
2017-02-10,64,MSFT
2017-02-13,64.720001,MSFT
2017-02-14,64.57,MSFT
2017-02-15,64.529999,MSFT
2017-02-16,64.519997,MSFT
2017-02-17,64.620003,MSFT
2017-02-21,64.489998,MSFT
2017-02-22,64.360001,MSFT
2017-02-23,64.620003,MSFT
2017-02-24,64.620003,MSFT
2017-02-27,64.230003,MSFT
2017-02-28,63.98,MSFT
2017-03-01,64.940002,MSFT
2017-03-02,64.010002,MSFT
2017-03-03,64.25,MSFT
2017-03-06,64.269997,MSFT
2017-03-07,64.400002,MSFT
2017-03-08,64.989998,MSFT
2017-03-09,64.730003,MSFT
2017-03-10,64.93,MSFT
2017-03-13,64.709999,MSFT
2017-03-14,64.410004,MSFT
2017-03-15,64.75,MSFT
2017-03-16,64.639999,MSFT
2017-03-17,64.870003,MSFT
2017-03-20,64.93,MSFT
2017-03-21,64.209999,MSFT
2017-03-22,65.029999,MSFT
2017-03-23,64.870003,MSFT
2017-03-24,64.980003,MSFT
2017-03-27,65.099998,MSFT
2017-03-28,65.290001,MSFT
2017-03-29,65.470001,MSFT
2017-03-30,65.709999,MSFT
2017-03-31,65.860001,MSFT
2017-04-03,65.550003,MSFT
2017-04-04,65.730003,MSFT
2017-04-05,65.559998,MSFT
2017-04-06,65.730003,MSFT
2017-04-07,65.68,MSFT
2017-04-10,65.529999,MSFT
2017-04-11,65.480003,MSFT
2017-04-12,65.230003,MSFT
2017-04-13,64.949997,MSFT
2017-04-17,65.480003,MSFT
2017-04-18,65.389999,MSFT
2017-04-19,65.040001,MSFT
2017-04-20,65.5,MSFT
2017-04-21,66.400002,MSFT
2017-04-24,67.529999,MSFT
2017-04-25,67.919998,MSFT
2017-04-26,67.830002,MSFT
2017-04-27,68.269997,MSFT
2017-04-28,68.459999,MSFT
2017-05-01,69.410004,MSFT
2017-05-02,69.300003,MSFT
2017-05-03,69.080002,MSFT
2017-05-04,68.809998,MSFT
2017-05-05,69,MSFT
2017-05-08,68.940002,MSFT
2017-05-09,69.040001,MSFT
2017-05-10,69.309998,MSFT
2017-05-11,68.459999,MSFT
2017-05-12,68.379997,MSFT
2017-05-15,68.43,MSFT
2017-05-16,69.410004,MSFT
2017-05-17,67.480003,MSFT
2017-05-18,67.709999,MSFT
2017-05-19,67.690002,MSFT
2017-05-22,68.449997,MSFT
2017-05-23,68.68,MSFT
2017-05-24,68.769997,MSFT
2017-05-25,69.620003,MSFT
2017-05-26,69.959999,MSFT
2017-05-30,70.410004,MSFT
2017-05-31,69.839996,MSFT
2017-06-01,70.099998,MSFT
2017-06-02,71.760002,MSFT
2017-06-05,72.279999,MSFT
2017-06-06,72.519997,MSFT
2017-06-07,72.389999,MSFT
2017-06-08,71.949997,MSFT
2017-06-09,70.32,MSFT
2017-06-12,69.779999,MSFT
2017-06-13,70.650002,MSFT
2017-06-14,70.269997,MSFT
2017-06-15,69.900002,MSFT
2017-06-16,70,MSFT
2017-06-19,70.870003,MSFT
2017-06-20,69.910004,MSFT
2017-06-21,70.269997,MSFT
2017-06-22,70.260002,MSFT
2017-06-23,71.209999,MSFT
2017-06-26,70.529999,MSFT
2017-06-27,69.209999,MSFT
2017-06-28,69.800003,MSFT
2017-06-29,68.489998,MSFT
2017-06-30,68.93,MSFT
2017-07-03,68.169998,MSFT
2017-07-05,69.080002,MSFT
2017-07-06,68.57,MSFT
2017-07-07,69.459999,MSFT
2017-07-10,69.980003,MSFT
2017-07-11,69.989998,MSFT
2017-07-12,71.150002,MSFT
2017-07-13,71.769997,MSFT
2017-07-14,72.779999,MSFT
2017-07-17,73.349998,MSFT
2017-07-18,73.300003,MSFT
2017-07-19,73.860001,MSFT
2017-07-20,74.220001,MSFT
2017-07-21,73.790001,MSFT
2017-07-24,73.599998,MSFT
2017-07-25,74.190002,MSFT
2017-07-26,74.050003,MSFT
2017-07-27,73.160004,MSFT
2017-07-28,73.040001,MSFT
2017-07-31,72.699997,MSFT
2017-08-01,72.580002,MSFT
2017-08-02,72.260002,MSFT
2017-08-03,72.150002,MSFT
2017-08-04,72.68,MSFT
2017-08-07,72.400002,MSFT
2017-08-08,72.790001,MSFT
2017-08-09,72.470001,MSFT
2017-08-10,71.410004,MSFT
2017-08-11,72.5,MSFT
2017-08-14,73.589996,MSFT
2017-08-15,73.220001,MSFT
2017-08-16,73.650002,MSFT
2017-08-17,72.400002,MSFT
2017-08-18,72.489998,MSFT
2017-08-21,72.150002,MSFT
2017-08-22,73.160004,MSFT
2017-08-23,72.720001,MSFT
2017-08-24,72.690002,MSFT
2017-08-25,72.82,MSFT
2017-08-28,72.830002,MSFT
2017-08-29,73.050003,MSFT
2017-08-30,74.010002,MSFT
2017-08-31,74.769997,MSFT
2017-09-01,73.940002,MSFT
2017-09-05,73.610001,MSFT
2017-09-06,73.400002,MSFT
2017-09-07,74.339996,MSFT
2017-09-08,73.980003,MSFT
2017-09-11,74.760002,MSFT
2017-09-12,74.68,MSFT
2017-09-13,75.209999,MSFT
2017-09-14,74.769997,MSFT
2017-09-15,75.309998,MSFT
2017-09-18,75.160004,MSFT
2017-09-19,75.440002,MSFT
2017-09-20,74.940002,MSFT
2017-09-21,74.209999,MSFT
2017-09-22,74.410004,MSFT
2017-09-25,73.260002,MSFT
2017-09-26,73.260002,MSFT
2017-09-27,73.849998,MSFT
2017-09-28,73.870003,MSFT
2017-09-29,74.489998,MSFT
2017-10-02,74.610001,MSFT
2017-10-03,74.260002,MSFT
2017-10-04,74.690002,MSFT
2017-10-05,75.970001,MSFT
2017-10-06,76,MSFT
2017-10-09,76.290001,MSFT
2017-10-10,76.290001,MSFT
2017-10-11,76.419998,MSFT
2017-10-12,77.120003,MSFT
2017-10-13,77.489998,MSFT
2017-10-16,77.650002,MSFT
2017-10-17,77.589996,MSFT
2017-10-18,77.610001,MSFT
2017-10-19,77.910004,MSFT
2017-10-20,78.809998,MSFT
2017-10-23,78.830002,MSFT
2017-10-24,78.860001,MSFT
2017-10-25,78.629997,MSFT
2017-10-26,78.760002,MSFT
2017-10-27,83.809998,MSFT
2017-10-30,83.889999,MSFT
2017-10-31,83.18,MSFT
2017-11-01,83.18,MSFT
2017-11-02,84.050003,MSFT
2017-11-03,84.139999,MSFT
2017-11-06,84.470001,MSFT
2017-11-07,84.269997,MSFT
2017-11-08,84.559998,MSFT
2017-11-09,84.089996,MSFT
2017-11-10,83.870003,MSFT
2017-11-13,83.93,MSFT
2017-11-14,84.050003,MSFT
2017-11-15,82.980003,MSFT
2017-11-16,83.199997,MSFT
2017-11-17,82.400002,MSFT
2017-11-20,82.529999,MSFT
2017-11-21,83.720001,MSFT
2017-11-22,83.110001,MSFT
2017-11-24,83.260002,MSFT
2017-11-27,83.870003,MSFT
2017-11-28,84.879997,MSFT
2017-11-29,83.339996,MSFT
2017-11-30,84.169998,MSFT
2017-12-01,84.260002,MSFT
2017-12-04,81.080002,MSFT
2017-12-05,81.589996,MSFT
2017-12-06,82.779999,MSFT
2017-12-07,82.489998,MSFT
2017-12-08,84.160004,MSFT
2017-12-11,85.230003,MSFT
2017-12-12,85.580002,MSFT
2017-12-13,85.349998,MSFT
2017-12-14,84.690002,MSFT
2017-12-15,86.849998,MSFT
2017-12-18,86.379997,MSFT
2017-12-19,85.830002,MSFT
2017-12-20,85.519997,MSFT
2017-12-21,85.5,MSFT
2017-12-22,85.510002,MSFT
2017-12-26,85.400002,MSFT
2017-12-27,85.709999,MSFT
2017-12-28,85.720001,MSFT
2017-12-29,85.540001,MSFT
2018-01-02,85.949997,MSFT
2018-01-03,86.349998,MSFT
2018-01-04,87.110001,MSFT
2018-01-05,88.190002,MSFT
2018-01-08,88.279999,MSFT
2018-01-09,88.220001,MSFT
2018-01-10,87.82,MSFT
2018-01-11,88.080002,MSFT
2018-01-12,89.599998,MSFT
2018-01-16,88.349998,MSFT
2018-01-17,90.139999,MSFT
2018-01-18,90.099998,MSFT
2018-01-19,90,MSFT
2018-01-22,91.610001,MSFT
2018-01-23,91.900002,MSFT
2018-01-24,91.82,MSFT
2018-01-25,92.330002,MSFT
2018-01-26,94.059998,MSFT
2018-01-29,93.919998,MSFT
2018-01-30,92.739998,MSFT
2018-01-31,95.010002,MSFT
2018-02-01,94.260002,MSFT
2018-02-02,91.779999,MSFT
2018-02-05,88,MSFT
2018-02-06,91.330002,MSFT
2018-02-07,89.610001,MSFT
2018-02-08,85.010002,MSFT
2018-02-09,88.18,MSFT
2018-02-12,89.129997,MSFT
2018-02-13,89.830002,MSFT
2018-02-14,90.809998,MSFT
2018-02-15,92.660004,MSFT
2018-02-16,92,MSFT
2018-02-20,92.720001,MSFT
2018-02-21,91.489998,MSFT
2018-02-22,91.730003,MSFT
2018-02-23,94.059998,MSFT
2018-02-26,95.419998,MSFT
2018-02-27,94.199997,MSFT
2018-02-28,93.769997,MSFT
2018-03-01,92.849998,MSFT
2018-03-02,93.050003,MSFT
2018-03-05,93.639999,MSFT
2018-03-06,93.32,MSFT
2018-03-07,93.860001,MSFT
2018-03-08,94.43,MSFT
2018-03-09,96.540001,MSFT
2018-03-12,96.769997,MSFT
2018-03-13,94.410004,MSFT
2018-03-14,93.849998,MSFT
2018-03-15,94.18,MSFT
2018-03-16,94.599998,MSFT
2018-03-19,92.889999,MSFT
2018-03-20,93.129997,MSFT
2018-03-21,92.480003,MSFT
2018-03-22,89.790001,MSFT
2018-03-23,87.18,MSFT
2018-03-26,93.779999,MSFT
2018-03-27,89.470001,MSFT
2018-03-28,89.389999,MSFT
2018-03-29,91.269997,MSFT
2018-04-02,88.519997,MSFT
2018-04-03,89.709999,MSFT
2018-04-04,92.330002,MSFT
2018-04-05,92.379997,MSFT
2018-04-06,90.230003,MSFT
2018-04-09,90.769997,MSFT
2018-04-10,92.879997,MSFT
2018-04-11,91.860001,MSFT
2018-04-12,93.580002,MSFT
2018-04-13,93.080002,MSFT
2018-04-16,94.169998,MSFT
2018-04-17,96.07,MSFT
2018-04-18,96.440002,MSFT
2018-04-19,96.110001,MSFT
2018-04-20,95,MSFT
2018-04-23,95.349998,MSFT
2018-04-24,93.120003,MSFT
2018-04-25,92.309998,MSFT
2018-04-26,94.260002,MSFT
2018-04-27,95.82,MSFT
2018-04-30,93.519997,MSFT
2018-05-01,95,MSFT
2018-05-02,93.510002,MSFT
2018-05-03,94.07,MSFT
2018-05-04,95.160004,MSFT
2018-05-07,96.220001,MSFT
2018-05-08,95.809998,MSFT
2018-05-09,96.940002,MSFT
2018-05-10,97.910004,MSFT
2018-05-11,97.699997,MSFT
2018-05-14,98.029999,MSFT
2018-05-15,97.32,MSFT
2018-05-16,97.150002,MSFT
2018-05-17,96.18,MSFT
2018-05-18,96.360001,MSFT
2018-05-21,97.599998,MSFT
2018-05-22,97.5,MSFT
2018-05-23,98.660004,MSFT
2018-05-24,98.309998,MSFT
2018-05-25,98.360001,MSFT
2018-05-29,98.010002,MSFT
2018-05-30,98.949997,MSFT
2018-05-31,98.839996,MSFT
2018-06-01,100.790001,MSFT
2018-06-04,101.669998,MSFT
2018-06-05,102.190002,MSFT
2018-06-06,102.489998,MSFT
2018-06-07,100.879997,MSFT
2018-06-08,101.629997,MSFT
2018-06-11,101.050003,MSFT
2018-06-12,101.309998,MSFT
2018-06-13,100.849998,MSFT
2018-06-14,101.419998,MSFT
2018-06-15,100.129997,MSFT
2018-06-18,100.860001,MSFT
2018-06-19,100.860001,MSFT
2018-06-20,101.870003,MSFT
2018-06-21,101.139999,MSFT
2018-06-22,100.410004,MSFT
2018-06-25,98.389999,MSFT
2018-06-26,99.080002,MSFT
2018-06-27,97.540001,MSFT
2018-06-28,98.629997,MSFT
2018-06-29,98.610001,MSFT
2018-07-02,100.010002,MSFT
2018-07-03,99.050003,MSFT
2018-07-05,99.760002,MSFT
2018-07-06,101.160004,MSFT
2018-07-09,101.849998,MSFT
2018-07-10,102.120003,MSFT
2018-07-11,101.980003,MSFT
2018-07-12,104.190002,MSFT
2018-07-13,105.43,MSFT
2018-07-16,104.910004,MSFT
2018-07-17,105.949997,MSFT
2018-07-18,105.120003,MSFT
2018-07-19,104.400002,MSFT
2018-07-20,106.269997,MSFT
2018-07-23,107.970001,MSFT
2018-07-24,107.660004,MSFT
2018-07-25,110.830002,MSFT
2018-07-26,109.620003,MSFT
2018-07-27,107.68,MSFT
2018-07-30,105.370003,MSFT
2018-07-31,106.080002,MSFT
2018-08-01,106.279999,MSFT
2018-08-02,107.57,MSFT
2018-08-03,108.040001,MSFT
2018-08-06,108.129997,MSFT
2018-08-07,108.879997,MSFT
2018-08-08,109.489998,MSFT
2018-08-09,109.669998,MSFT
2018-08-10,109,MSFT
2018-08-13,108.209999,MSFT
2018-08-14,109.559998,MSFT
2018-08-15,107.660004,MSFT
2018-08-16,107.639999,MSFT
2018-08-17,107.580002,MSFT
2018-08-20,106.870003,MSFT
2018-08-21,105.980003,MSFT
2018-08-22,107.059998,MSFT
2018-08-23,107.559998,MSFT
2018-08-24,108.400002,MSFT
2018-08-27,109.599998,MSFT
2018-08-28,110.260002,MSFT
2018-08-29,112.019997,MSFT
2018-08-30,111.949997,MSFT
2018-08-31,112.330002,MSFT
2018-09-04,111.709999,MSFT
2018-09-05,108.489998,MSFT
2018-09-06,108.739998,MSFT
2018-09-07,108.209999,MSFT
2018-09-10,109.379997,MSFT
2018-09-11,111.239998,MSFT
2018-09-12,111.709999,MSFT
2018-09-13,112.910004,MSFT
2018-09-14,113.370003,MSFT
2018-09-17,112.139999,MSFT
2018-09-18,113.209999,MSFT
2018-09-19,111.699997,MSFT
2018-09-20,113.57,MSFT
2018-09-21,114.260002,MSFT
2018-09-24,114.669998,MSFT
2018-09-25,114.449997,MSFT
2018-09-26,113.980003,MSFT
2018-09-27,114.410004,MSFT
2018-09-28,114.370003,MSFT
2018-10-01,115.610001,MSFT
2018-10-02,115.150002,MSFT
2018-10-03,115.169998,MSFT
2018-10-04,112.790001,MSFT
2018-10-05,112.129997,MSFT
2018-10-08,110.849998,MSFT
2018-10-09,112.260002,MSFT
2018-10-10,106.160004,MSFT
2018-10-11,105.910004,MSFT
2018-10-12,109.57,MSFT
2018-10-15,107.599998,MSFT
2018-10-16,111,MSFT
2018-10-17,110.709999,MSFT
2018-10-18,108.5,MSFT
2018-10-19,108.660004,MSFT
2018-10-22,109.629997,MSFT
2018-10-23,108.099998,MSFT
2018-10-24,102.32,MSFT
2018-10-25,108.300003,MSFT
2018-10-26,106.959999,MSFT
2018-10-29,103.849998,MSFT
2018-10-30,103.730003,MSFT
2018-10-31,106.809998,MSFT
2018-11-01,105.919998,MSFT
2018-11-02,106.160004,MSFT
2018-11-05,107.510002,MSFT
2018-11-06,107.720001,MSFT
2018-11-07,111.959999,MSFT
2018-11-08,111.75,MSFT
2018-11-09,109.57,MSFT
2018-11-12,106.870003,MSFT
2018-11-13,106.940002,MSFT
2018-11-14,104.970001,MSFT
2018-11-15,107.279999,MSFT
2018-11-16,108.290001,MSFT
2018-11-19,104.620003,MSFT
2018-11-20,101.709999,MSFT
2018-11-21,103.110001,MSFT
2018-11-23,103.07,MSFT
2018-11-26,106.470001,MSFT
2018-11-27,107.139999,MSFT
2018-11-28,111.120003,MSFT
2018-11-29,110.190002,MSFT
2018-11-30,110.889999,MSFT
2018-12-03,112.089996,MSFT
2018-12-04,108.519997,MSFT
2018-12-06,109.190002,MSFT
2018-12-07,104.82,MSFT
2018-12-10,107.589996,MSFT
2018-12-11,108.589996,MSFT
2018-12-12,109.080002,MSFT
2018-12-13,109.449997,MSFT
2018-12-14,106.029999,MSFT
2018-12-17,102.889999,MSFT
2018-12-18,103.970001,MSFT
2018-12-19,103.690002,MSFT
2018-12-20,101.510002,MSFT
2018-12-21,98.230003,MSFT
2018-12-24,94.129997,MSFT
2018-12-26,100.559998,MSFT
2018-12-27,101.18,MSFT
2018-12-28,100.389999,MSFT
2018-12-31,101.57,MSFT
2019-01-02,101.120003,MSFT
2019-01-03,97.400002,MSFT
2019-01-04,101.93,MSFT
2019-01-07,102.059998,MSFT
2019-01-08,102.800003,MSFT
2019-01-09,104.269997,MSFT
2019-01-10,103.599998,MSFT
2019-01-11,102.800003,MSFT
2019-01-14,102.050003,MSFT
2019-01-15,105.010002,MSFT
2019-01-16,105.379997,MSFT
2019-01-17,106.120003,MSFT
2019-01-18,107.709999,MSFT
2019-01-22,105.68,MSFT
2019-01-23,106.709999,MSFT
2019-01-24,106.199997,MSFT
2019-01-25,107.169998,MSFT
2019-01-28,105.080002,MSFT
2019-01-29,102.940002,MSFT
2019-01-30,106.379997,MSFT
2019-01-31,104.43,MSFT
2019-02-01,102.779999,MSFT
2019-02-04,105.739998,MSFT
2019-02-05,107.220001,MSFT
2019-02-06,106.029999,MSFT
2019-02-07,105.269997,MSFT
2019-02-08,105.669998,MSFT
2019-02-11,105.25,MSFT
2019-02-12,106.889999,MSFT
2019-02-13,106.809998,MSFT
2019-02-14,106.900002,MSFT
2019-02-15,108.220001,MSFT
2019-02-19,108.169998,MSFT
2019-02-20,107.150002,MSFT
2019-02-21,109.410004,MSFT
2019-02-22,110.970001,MSFT
2019-02-25,111.589996,MSFT
2019-02-26,112.360001,MSFT
2019-02-27,112.169998,MSFT
2019-02-28,112.029999,MSFT
2019-03-01,112.529999,MSFT
2019-03-04,112.260002,MSFT
2019-03-05,111.699997,MSFT
2019-03-06,111.75,MSFT
2019-03-07,110.389999,MSFT
2019-03-08,110.510002,MSFT
2019-03-11,112.830002,MSFT
2019-03-12,113.620003,MSFT
2019-03-13,114.5,MSFT
2019-03-14,114.589996,MSFT
2019-03-15,115.910004,MSFT
2019-03-18,117.57,MSFT
2019-03-19,117.650002,MSFT
2019-03-20,117.519997,MSFT
2019-03-21,120.220001,MSFT
2019-03-22,117.050003,MSFT
2019-03-25,117.660004,MSFT
2019-03-26,117.910004,MSFT
2019-03-27,116.769997,MSFT
2019-03-28,116.93,MSFT
2019-03-29,117.940002,MSFT
2019-04-01,119.019997,MSFT
2019-04-02,119.190002,MSFT
2019-04-03,119.970001,MSFT
2019-04-04,119.360001,MSFT
2019-04-05,119.889999,MSFT
2019-04-08,119.93,MSFT
2019-04-09,119.279999,MSFT
2019-04-10,120.190002,MSFT
2019-04-11,120.330002,MSFT
2019-04-12,120.949997,MSFT
2019-04-15,121.050003,MSFT
2019-04-16,120.769997,MSFT
2019-04-17,121.769997,MSFT
2019-04-18,123.370003,MSFT
2019-04-22,123.760002,MSFT
2019-04-23,125.440002,MSFT
2019-04-24,125.010002,MSFT
2019-04-25,129.149994,MSFT
2019-04-26,129.889999,MSFT
2019-04-29,129.770004,MSFT
2019-04-30,130.600006,MSFT
2019-05-01,127.879997,MSFT
2019-05-02,126.209999,MSFT
2019-05-03,128.899994,MSFT
2019-05-06,128.149994,MSFT
2019-05-07,125.519997,MSFT
2019-05-08,125.510002,MSFT
2019-05-09,125.5,MSFT
2019-05-10,127.129997,MSFT
2019-05-13,123.349998,MSFT
2019-05-14,124.730003,MSFT
2019-05-15,126.019997,MSFT
2019-05-16,128.929993,MSFT
2019-05-17,128.070007,MSFT
2019-05-20,126.220001,MSFT
2019-05-21,126.900002,MSFT
2019-05-22,127.669998,MSFT
2019-05-23,126.18,MSFT
2019-05-24,126.239998,MSFT
2019-05-28,126.160004,MSFT
2019-05-29,124.940002,MSFT
2019-05-30,125.730003,MSFT
2019-05-31,123.68,MSFT
2019-06-03,119.839996,MSFT
2019-06-04,123.160004,MSFT
2019-06-05,125.830002,MSFT
2019-06-06,127.82,MSFT
2019-06-07,131.399994,MSFT
2019-06-10,132.600006,MSFT
2019-06-11,132.100006,MSFT
2019-06-12,131.490005,MSFT
2019-06-13,132.320007,MSFT
2019-06-14,132.449997,MSFT
2019-06-17,132.850006,MSFT
2019-06-18,135.160004,MSFT
2019-06-19,135.690002,MSFT
2019-06-20,136.949997,MSFT
2019-06-21,136.970001,MSFT
2019-06-24,137.779999,MSFT
2019-06-25,133.429993,MSFT
2019-06-26,133.929993,MSFT
2019-06-27,134.149994,MSFT
2019-06-28,133.960007,MSFT
2019-07-01,135.679993,MSFT
2019-07-02,136.580002,MSFT
2019-07-03,137.460007,MSFT
2019-07-05,137.059998,MSFT
2019-07-08,136.960007,MSFT
2019-07-09,136.460007,MSFT
2019-07-10,137.850006,MSFT
2019-07-11,138.399994,MSFT
2019-07-12,138.899994,MSFT
2019-07-15,138.899994,MSFT
2019-07-16,137.080002,MSFT
2019-07-17,136.270004,MSFT
2019-07-18,136.419998,MSFT
2019-07-19,136.619995,MSFT
2019-07-22,138.429993,MSFT
2019-07-23,139.289993,MSFT
2019-07-24,140.720001,MSFT
2019-07-25,140.190002,MSFT
2019-07-26,141.339996,MSFT
2019-07-29,141.029999,MSFT
2019-07-30,140.350006,MSFT
2019-07-31,136.270004,MSFT
2019-08-01,138.059998,MSFT
2019-08-02,136.899994,MSFT
2019-08-05,132.210007,MSFT
2019-08-06,134.690002,MSFT
2019-08-07,135.279999,MSFT
2019-08-08,138.889999,MSFT
2019-08-09,137.710007,MSFT
2019-08-12,135.789993,MSFT
2019-08-13,138.600006,MSFT
2019-08-14,133.979996,MSFT
2019-08-15,133.679993,MSFT
2019-08-16,136.130005,MSFT
2019-08-19,138.410004,MSFT
2019-08-20,137.259995,MSFT
2019-08-21,138.789993,MSFT
2019-08-22,137.779999,MSFT
2019-08-23,133.389999,MSFT
2019-08-26,135.449997,MSFT
2019-08-27,135.740005,MSFT
2019-08-28,135.559998,MSFT
2019-08-29,138.119995,MSFT
2019-08-30,137.860001,MSFT
2019-09-03,136.039993,MSFT
2019-09-04,137.630005,MSFT
2019-09-05,140.050003,MSFT
2019-09-06,139.100006,MSFT
2019-09-09,137.520004,MSFT
2019-09-10,136.080002,MSFT
2019-09-11,136.119995,MSFT
2019-09-12,137.520004,MSFT
2019-09-13,137.320007,MSFT
2019-09-16,136.330002,MSFT
2019-09-17,137.389999,MSFT
2019-09-18,138.520004,MSFT
2019-09-19,141.070007,MSFT
2019-09-20,139.440002,MSFT
2019-09-23,139.139999,MSFT
2019-09-24,137.380005,MSFT
2019-09-25,139.360001,MSFT
2019-09-26,139.539993,MSFT
2019-09-27,137.729996,MSFT
2019-09-30,139.029999,MSFT
2019-10-01,137.070007,MSFT
2019-10-02,134.649994,MSFT
2019-10-03,136.279999,MSFT
2019-10-04,138.119995,MSFT
2019-10-07,137.119995,MSFT
2019-10-08,135.669998,MSFT
2019-10-09,138.240005,MSFT
2019-10-10,139.100006,MSFT
2019-10-11,139.679993,MSFT
2019-10-14,139.550003,MSFT
2019-10-15,141.570007,MSFT
2019-10-16,140.410004,MSFT
2019-10-17,139.690002,MSFT
2019-10-18,137.410004,MSFT
2019-10-21,138.429993,MSFT
2019-10-22,136.369995,MSFT
2019-10-23,137.240005,MSFT
2019-10-24,139.940002,MSFT
2019-10-25,140.729996,MSFT
2019-10-28,144.190002,MSFT
2019-10-29,142.830002,MSFT
2019-10-30,144.610001,MSFT
2019-10-31,143.369995,MSFT
2019-11-01,143.720001,MSFT
2019-11-04,144.550003,MSFT
2019-11-05,144.460007,MSFT
2019-11-06,144.059998,MSFT
2019-11-07,144.259995,MSFT
2019-11-08,145.960007,MSFT
2019-11-11,146.110001,MSFT
2019-11-12,147.070007,MSFT
2019-11-13,147.309998,MSFT
2019-11-14,148.059998,MSFT
2019-11-15,149.970001,MSFT
2019-11-18,150.339996,MSFT
2019-11-19,150.389999,MSFT
2019-11-20,149.619995,MSFT
2019-11-21,149.479996,MSFT
2019-11-22,149.589996,MSFT
2019-11-25,151.229996,MSFT
2019-11-26,152.029999,MSFT
2019-11-27,152.320007,MSFT
2019-11-29,151.380005,MSFT
2019-12-02,149.550003,MSFT
2019-12-03,149.309998,MSFT
2019-12-04,149.850006,MSFT
2019-12-05,149.929993,MSFT
2019-12-06,151.75,MSFT
2019-12-09,151.360001,MSFT
2019-12-10,151.130005,MSFT
2019-12-11,151.699997,MSFT
2019-12-12,153.240005,MSFT
2019-12-13,154.529999,MSFT
2019-12-16,155.529999,MSFT
2019-12-17,154.690002,MSFT
2019-12-18,154.369995,MSFT
2019-12-19,155.710007,MSFT
2019-12-20,157.410004,MSFT
2019-12-23,157.410004,MSFT
2019-12-24,157.380005,MSFT
2019-12-26,158.669998,MSFT
2019-12-27,158.960007,MSFT
2019-12-30,157.589996,MSFT
2019-12-31,157.699997,MSFT
2020-01-02,160.619995,MSFT
2020-01-03,158.619995,MSFT
2020-01-06,159.029999,MSFT
2020-01-07,157.580002,MSFT
2020-01-08,160.089996,MSFT
2020-01-09,162.089996,MSFT
2020-01-10,161.339996,MSFT
2020-01-13,163.279999,MSFT
2020-01-14,162.130005,MSFT
2020-01-15,163.179993,MSFT
2020-01-16,166.169998,MSFT
2020-01-17,167.100006,MSFT
2020-01-21,166.5,MSFT
2020-01-22,165.699997,MSFT
2020-01-23,166.720001,MSFT
2020-01-24,165.039993,MSFT
2020-01-27,162.279999,MSFT
2020-01-28,165.460007,MSFT
2020-01-29,168.039993,MSFT
2020-01-30,172.779999,MSFT
2020-01-31,170.229996,MSFT
2020-02-03,174.380005,MSFT
2020-02-04,180.119995,MSFT
2020-02-05,179.899994,MSFT
2020-02-06,183.630005,MSFT
2020-02-07,183.889999,MSFT
2020-02-10,188.699997,MSFT
2020-02-11,184.440002,MSFT
2020-02-12,184.710007,MSFT
2020-02-13,183.710007,MSFT
2020-02-14,185.350006,MSFT
2020-02-18,187.229996,MSFT
2020-02-19,187.279999,MSFT
2020-02-20,184.419998,MSFT
2020-02-21,178.589996,MSFT
2020-02-24,170.889999,MSFT
2020-02-25,168.070007,MSFT
2020-02-26,170.169998,MSFT
2020-02-27,158.179993,MSFT
2020-02-28,162.009995,MSFT
2020-03-02,172.789993,MSFT
2020-03-03,164.509995,MSFT
2020-03-04,170.550003,MSFT
2020-03-05,166.270004,MSFT
2020-03-06,161.570007,MSFT
2020-03-09,150.619995,MSFT
2020-03-10,160.919998,MSFT
2020-03-11,153.630005,MSFT
2020-03-12,139.059998,MSFT
2020-03-13,158.830002,MSFT
2020-03-16,135.419998,MSFT
2020-03-17,146.570007,MSFT
2020-03-18,140.399994,MSFT
2020-03-19,142.710007,MSFT
2020-03-20,137.350006,MSFT
2020-03-23,135.979996,MSFT
2020-03-24,148.339996,MSFT
2020-03-25,146.919998,MSFT
2020-03-26,156.110001,MSFT
2020-03-27,149.699997,MSFT
2020-03-30,160.229996,MSFT
2020-03-31,157.710007,MSFT
2020-04-01,152.110001,MSFT
2020-04-02,155.259995,MSFT
2020-04-03,153.830002,MSFT
2020-04-06,165.270004,MSFT
2020-04-07,163.490005,MSFT
2020-04-08,165.130005,MSFT
2020-04-09,165.139999,MSFT
2020-04-13,165.509995,MSFT
2020-04-14,173.699997,MSFT
2020-04-15,171.880005,MSFT
2020-04-16,177.039993,MSFT
2020-04-17,178.600006,MSFT
2020-04-20,175.059998,MSFT
2020-04-21,167.820007,MSFT
2020-04-22,173.520004,MSFT
2020-04-23,171.419998,MSFT
2020-04-24,174.550003,MSFT
2020-04-27,174.050003,MSFT
2020-04-28,169.809998,MSFT
2020-04-29,177.429993,MSFT
2020-04-30,179.210007,MSFT
2020-05-01,174.570007,MSFT
2020-05-04,178.839996,MSFT
2020-05-05,180.759995,MSFT
2020-05-06,182.539993,MSFT
2020-05-07,183.600006,MSFT
2020-05-08,184.679993,MSFT
2020-05-11,186.740005,MSFT
2020-05-12,182.509995,MSFT
2020-05-13,179.75,MSFT
2020-05-14,180.529999,MSFT
2020-05-15,183.160004,MSFT
2020-05-18,184.910004,MSFT
2020-05-19,183.630005,MSFT
2020-05-20,185.660004,MSFT
2020-05-21,183.429993,MSFT
2020-05-22,183.509995,MSFT
2020-05-26,181.570007,MSFT
2020-05-27,181.809998,MSFT
2020-05-28,181.399994,MSFT
2020-05-29,183.25,MSFT
2020-06-01,182.830002,MSFT
2020-06-02,184.910004,MSFT
2020-06-03,185.360001,MSFT
2020-06-04,182.919998,MSFT