Date,AAPL,MSFT
2015-01-02,109.330002,46.759998
2015-01-05,106.25,46.330002
2015-01-06,106.260002,45.650002
2015-01-07,107.75,46.23
2015-01-08,111.889999,47.59
2015-01-09,112.010002,47.189999
2015-01-12,109.25,46.599998
2015-01-13,110.220001,46.360001
2015-01-14,109.800003,45.959999
2015-01-15,106.82,45.48
2015-01-16,105.989998,46.240002
2015-01-20,108.720001,46.389999
2015-01-21,109.550003,45.919998
2015-01-22,112.400002,47.130001
2015-01-23,112.980003,47.18
2015-01-26,113.099998,47.009998
2015-01-27,109.139999,42.66
2015-01-28,115.309998,41.189999
2015-01-29,118.900002,42.009998
2015-01-30,117.160004,40.400002
2015-02-02,118.629997,41.279999
2015-02-03,118.650002,41.599998
2015-02-04,119.559998,41.84
2015-02-05,119.940002,42.450001
2015-02-06,118.93,42.41
2015-02-09,119.720001,42.360001
2015-02-10,122.019997,42.599998
2015-02-11,124.879997,42.380001
2015-02-12,126.459999,43.09
2015-02-13,127.080002,43.869999
2015-02-17,127.830002,43.580002
2015-02-18,128.720001,43.529999
2015-02-19,128.449997,43.5
2015-02-20,129.5,43.860001
2015-02-23,133,44.150002
2015-02-24,132.169998,44.09
2015-02-25,128.789993,43.990002
2015-02-26,130.419998,44.060001
2015-02-27,128.460007,43.849998
2015-03-02,129.089996,43.880001
2015-03-03,129.360001,43.279999
2015-03-04,128.539993,43.060001
2015-03-05,126.410004,43.110001
2015-03-06,126.599998,42.360001
2015-03-09,127.139999,42.849998
2015-03-10,124.510002,42.029999
2015-03-11,122.239998,41.98
2015-03-12,124.449997,41.02
2015-03-13,123.589996,41.380001
2015-03-16,124.949997,41.560001
2015-03-17,127.040001,41.700001
2015-03-18,128.470001,42.5
2015-03-19,127.5,42.290001
2015-03-20,125.900002,42.880001
2015-03-23,127.209999,42.860001
2015-03-24,126.690002,42.900002
2015-03-25,123.379997,41.459999
2015-03-26,124.239998,41.209999
2015-03-27,123.25,40.970001
2015-03-30,126.370003,40.959999
2015-03-31,124.43,40.66
2015-04-01,124.25,40.720001
2015-04-02,125.32,40.290001
2015-04-06,127.349998,41.549999
2015-04-07,126.010002,41.529999
2015-04-08,125.599998,41.419998
2015-04-09,126.559998,41.48
2015-04-10,127.099998,41.720001
2015-04-13,126.849998,41.759998
2015-04-14,126.300003,41.650002
2015-04-15,126.779999,42.259998
2015-04-16,126.169998,42.16
2015-04-17,124.75,41.619999
2015-04-20,127.599998,42.91
2015-04-21,126.910004,42.639999
2015-04-22,128.619995,42.990002
2015-04-23,129.669998,43.34
2015-04-24,130.279999,47.869999
2015-04-27,132.649994,48.029999
2015-04-28,130.559998,49.16
2015-04-29,128.639999,49.060001
2015-04-30,125.150002,48.639999
2015-05-01,128.949997,48.66
2015-05-04,128.699997,48.240002
2015-05-05,125.800003,47.599998
2015-05-06,125.010002,46.279999
2015-05-07,125.260002,46.700001
2015-05-08,127.620003,47.75
2015-05-11,126.32,47.369999
2015-05-12,125.870003,47.349998
2015-05-13,126.010002,47.630001
2015-05-14,128.949997,48.720001
2015-05-15,128.770004,48.299999
2015-05-18,130.190002,48.009998
2015-05-19,130.070007,47.580002
2015-05-20,130.059998,47.580002
2015-05-21,131.389999,47.419998
2015-05-22,132.539993,46.900002
2015-05-26,129.619995,46.59
2015-05-27,132.039993,47.610001
2015-05-28,131.779999,47.450001
2015-05-29,130.279999,46.860001
2015-06-01,130.539993,47.23
2015-06-02,129.960007,46.919998
2015-06-03,130.119995,46.849998
2015-06-04,129.360001,46.360001
2015-06-05,128.649994,46.139999
2015-06-08,127.800003,45.73
2015-06-09,127.419998,45.650002
2015-06-10,128.880005,46.610001
2015-06-11,128.589996,46.439999
2015-06-12,127.169998,45.970001
2015-06-15,126.919998,45.48
2015-06-16,127.599998,45.830002
2015-06-17,127.300003,45.970001
2015-06-18,127.879997,46.720001
2015-06-19,126.599998,46.099998
2015-06-22,127.610001,46.23
2015-06-23,127.029999,45.91
2015-06-24,128.110001,45.639999
2015-06-25,127.5,45.650002
2015-06-26,126.75,45.259998
2015-06-29,124.529999,44.369999
2015-06-30,125.43,44.150002
2015-07-01,126.599998,44.450001
2015-07-02,126.440002,44.400002
2015-07-06,126,44.389999
2015-07-07,125.690002,44.299999
2015-07-08,122.57,44.240002
2015-07-09,120.07,44.52
2015-07-10,123.279999,44.610001
2015-07-13,125.660004,45.540001
2015-07-14,125.610001,45.619999
2015-07-15,126.82,45.759998
2015-07-16,128.509995,46.66
2015-07-17,129.619995,46.619999
2015-07-20,132.070007,46.919998
2015-07-21,130.75,47.279999
2015-07-22,125.220001,45.540001
2015-07-23,125.160004,46.110001
2015-07-24,124.5,45.939999
2015-07-27,122.769997,45.349998
2015-07-28,123.379997,45.34
2015-07-29,122.989998,46.290001
2015-07-30,122.370003,46.880001
2015-07-31,121.300003,46.700001
2015-08-03,118.440002,46.810001
2015-08-04,114.639999,47.540001
2015-08-05,115.400002,47.580002
2015-08-06,115.129997,46.619999
2015-08-07,115.519997,46.740002
2015-08-10,119.720001,47.330002
2015-08-11,113.489998,46.41
2015-08-12,115.239998,46.740002
2015-08-13,115.150002,46.73
2015-08-14,115.959999,47
2015-08-17,117.160004,47.32
2015-08-18,116.5,47.27
2015-08-19,115.010002,46.610001
2015-08-20,112.650002,45.66
2015-08-21,105.760002,43.07
2015-08-24,103.120003,41.68
2015-08-25,103.739998,40.470001
2015-08-26,109.690002,42.709999
2015-08-27,112.919998,43.900002
2015-08-28,113.290001,43.93
2015-08-31,112.760002,43.52
2015-09-01,107.720001,41.82
2015-09-02,112.339996,43.360001
2015-09-03,110.370003,43.5
2015-09-04,109.269997,42.610001
2015-09-08,112.309998,43.889999
2015-09-09,110.150002,43.07
2015-09-10,112.57,43.290001
2015-09-11,114.209999,43.48
2015-09-14,115.309998,43.040001
2015-09-15,116.279999,43.98
2015-09-16,116.410004,44.299999
2015-09-17,113.919998,44.25
2015-09-18,113.449997,43.48
2015-09-21,115.209999,44.110001
2015-09-22,113.400002,43.900002
2015-09-23,114.32,43.869999
2015-09-24,115,43.91
2015-09-25,114.709999,43.939999
2015-09-28,112.440002,43.290001
2015-09-29,109.059998,43.439999
2015-09-30,110.300003,44.259998
2015-10-01,109.580002,44.610001
2015-10-02,110.379997,45.57
2015-10-05,110.779999,46.630001
2015-10-06,111.309998,46.75
2015-10-07,110.779999,46.799999
2015-10-08,109.5,47.450001
2015-10-09,112.120003,47.110001
2015-10-12,111.599998,47
2015-10-13,111.790001,46.889999
2015-10-14,110.209999,46.68
2015-10-15,111.860001,47.009998
2015-10-16,111.040001,47.509998
2015-10-19,111.730003,47.619999
2015-10-20,113.769997,47.77
2015-10-21,113.760002,47.200001
2015-10-22,115.5,48.029999
2015-10-23,119.080002,52.869999
2015-10-26,115.279999,54.25
2015-10-27,114.550003,53.689999
2015-10-28,119.269997,53.98
2015-10-29,120.529999,53.360001
2015-10-30,119.5,52.639999
2015-11-02,121.18,53.240002
2015-11-03,122.57,54.150002
2015-11-04,122,54.400002
2015-11-05,120.919998,54.380001
2015-11-06,121.059998,54.919998
2015-11-09,120.57,54.16
2015-11-10,116.769997,53.509998
2015-11-11,116.110001,53.650002
2015-11-12,115.720001,53.32
2015-11-13,112.339996,52.84
2015-11-16,114.18,53.77
2015-11-17,113.690002,52.970001
2015-11-18,117.290001,53.849998
2015-11-19,118.779999,53.939999
2015-11-20,119.300003,54.189999
2015-11-23,117.75,54.189999
2015-11-24,118.879997,54.25
2015-11-25,118.029999,53.689999
2015-11-27,117.809998,53.93
2015-11-30,118.300003,54.349998
2015-12-01,117.339996,55.220001
2015-12-02,116.279999,55.209999
2015-12-03,115.199997,54.200001
2015-12-04,119.029999,55.91
2015-12-07,118.279999,55.810001
2015-12-08,118.230003,55.790001
2015-12-09,115.620003,54.98
2015-12-10,116.169998,55.27
2015-12-11,113.18,54.060001
2015-12-14,112.480003,55.139999
2015-12-15,110.489998,55.200001
2015-12-16,111.339996,56.130001
2015-12-17,108.980003,55.700001
2015-12-18,106.029999,54.130001
2015-12-21,107.330002,54.830002
2015-12-22,107.230003,55.349998
2015-12-23,108.610001,55.82
2015-12-24,108.029999,55.669998
2015-12-28,106.82,55.950001
2015-12-29,108.739998,56.549999
2015-12-30,107.32,56.310001
2015-12-31,105.260002,55.48
2016-01-04,105.349998,54.799999
2016-01-05,102.709999,55.049999
2016-01-06,100.699997,54.049999
2016-01-07,96.449997,52.169998
2016-01-08,96.959999,52.330002
2016-01-11,98.529999,52.299999
2016-01-12,99.959999,52.779999
2016-01-13,97.389999,51.639999
2016-01-14,99.519997,53.110001
2016-01-15,97.129997,50.990002
2016-01-19,96.660004,50.560001
2016-01-20,96.790001,50.790001
2016-01-21,96.300003,50.48
2016-01-22,101.419998,52.290001
2016-01-25,99.440002,51.790001
2016-01-26,99.989998,52.169998
2016-01-27,93.419998,51.220001
2016-01-28,94.089996,52.060001
2016-01-29,97.339996,55.09
2016-02-01,96.43,54.709999
2016-02-02,94.480003,53
2016-02-03,96.349998,52.16
2016-02-04,96.599998,52
2016-02-05,94.019997,50.16
2016-02-08,95.010002,49.41
2016-02-09,94.989998,49.279999
2016-02-10,94.269997,49.709999
2016-02-11,93.699997,49.689999
2016-02-12,93.989998,50.5
2016-02-16,96.639999,51.09
2016-02-17,98.120003,52.419998
2016-02-18,96.260002,52.189999
2016-02-19,96.040001,51.82
2016-02-22,96.879997,52.650002
2016-02-23,94.690002,51.18
2016-02-24,96.099998,51.360001
2016-02-25,96.760002,52.099998
2016-02-26,96.910004,51.299999
2016-02-29,96.690002,50.880001
2016-03-01,100.529999,52.580002
2016-03-02,100.75,52.950001
2016-03-03,101.5,52.349998
2016-03-04,103.010002,52.029999
2016-03-07,101.870003,51.029999
2016-03-08,101.029999,51.650002
2016-03-09,101.120003,52.84
2016-03-10,101.169998,52.049999
2016-03-11,102.260002,53.07
2016-03-14,102.519997,53.169998
2016-03-15,104.580002,53.59
2016-03-16,105.970001,54.349998
2016-03-17,105.800003,54.66
2016-03-18,105.919998,53.490002
2016-03-21,105.910004,53.860001
2016-03-22,106.720001,54.07
2016-03-23,106.129997,53.970001
2016-03-24,105.669998,54.209999
2016-03-28,105.190002,53.540001
2016-03-29,107.68,54.709999
2016-03-30,109.559998,55.049999
2016-03-31,108.989998,55.23
2016-04-01,109.989998,55.57
2016-04-04,111.120003,55.43
2016-04-05,109.809998,54.560001
2016-04-06,110.959999,55.119999
2016-04-07,108.540001,54.459999
2016-04-08,108.660004,54.419998
2016-04-11,109.019997,54.310001
2016-04-12,110.440002,54.650002
2016-04-13,112.040001,55.349998
2016-04-14,112.099998,55.360001
2016-04-15,109.849998,55.650002
2016-04-18,107.480003,56.459999
2016-04-19,106.910004,56.389999
2016-04-20,107.129997,55.59
2016-04-21,105.970001,55.779999
2016-04-22,105.68,51.779999
2016-04-25,105.080002,52.110001
2016-04-26,104.349998,51.439999
2016-04-27,97.82,50.939999
2016-04-28,94.830002,49.900002
2016-04-29,93.739998,49.869999
2016-05-02,93.639999,50.610001
2016-05-03,95.18,49.779999
2016-05-04,94.190002,49.869999
2016-05-05,93.239998,49.939999
2016-05-06,92.720001,50.389999
2016-05-09,92.790001,50.07
2016-05-10,93.419998,51.02
2016-05-11,92.510002,51.049999
2016-05-12,90.339996,51.509998
2016-05-13,90.519997,51.080002
2016-05-16,93.879997,51.830002
2016-05-17,93.489998,50.509998
2016-05-18,94.559998,50.810001
2016-05-19,94.199997,50.32
2016-05-20,95.220001,50.619999
2016-05-23,96.43,50.029999
2016-05-24,97.900002,51.59
2016-05-25,99.620003,52.119999
2016-05-26,100.410004,51.889999
2016-05-27,100.349998,52.32
2016-05-31,99.860001,53
2016-06-01,98.459999,52.849998
2016-06-02,97.720001,52.48
2016-06-03,97.919998,51.790001
2016-06-06,98.629997,52.130001
2016-06-07,99.029999,52.099998
2016-06-08,98.940002,52.040001
2016-06-09,99.650002,51.619999
2016-06-10,98.830002,51.48
2016-06-13,97.339996,50.139999
2016-06-14,97.459999,49.830002
2016-06-15,97.139999,49.689999
2016-06-16,97.550003,50.389999
2016-06-17,95.330002,50.130001
2016-06-20,95.099998,50.07
2016-06-21,95.910004,51.189999
2016-06-22,95.550003,50.990002
2016-06-23,96.099998,51.91
2016-06-24,93.400002,49.830002
2016-06-27,92.040001,48.43
2016-06-28,93.589996,49.439999
2016-06-29,94.400002,50.540001
2016-06-30,95.599998,51.169998
2016-07-01,95.889999,51.16
2016-07-05,94.989998,51.169998
2016-07-06,95.529999,51.380001
2016-07-07,95.940002,51.380001
2016-07-08,96.68,52.299999
2016-07-11,96.980003,52.59
2016-07-12,97.419998,53.209999
2016-07-13,96.870003,53.509998
2016-07-14,98.790001,53.740002
2016-07-15,98.779999,53.700001
2016-07-18,99.830002,53.959999
2016-07-19,99.870003,53.09
2016-07-20,99.959999,55.91
2016-07-21,99.43,55.799999
2016-07-22,98.660004,56.57
2016-07-25,97.339996,56.73
2016-07-26,96.669998,56.759998
2016-07-27,102.949997,56.189999
2016-07-28,104.339996,56.209999
2016-07-29,104.209999,56.68
2016-08-01,106.050003,56.580002
2016-08-02,104.480003,56.580002
2016-08-03,105.790001,56.970001
2016-08-04,105.870003,57.389999
2016-08-05,107.480003,57.959999
2016-08-08,108.370003,58.060001
2016-08-09,108.809998,58.200001
2016-08-10,108,58.02
2016-08-11,107.93,58.299999
2016-08-12,108.18,57.939999
2016-08-15,109.480003,58.119999
2016-08-16,109.379997,57.439999
2016-08-17,109.220001,57.560001
2016-08-18,109.080002,57.599998
2016-08-19,109.360001,57.619999
2016-08-22,108.510002,57.669998
2016-08-23,108.849998,57.889999
2016-08-24,108.029999,57.950001
2016-08-25,107.57,58.169998
2016-08-26,106.940002,58.029999
2016-08-29,106.82,58.099998
2016-08-30,106,57.889999
2016-08-31,106.099998,57.459999
2016-09-01,106.730003,57.59
2016-09-02,107.730003,57.669998
2016-09-06,107.699997,57.610001
2016-09-07,108.360001,57.66
2016-09-08,105.519997,57.43
2016-09-09,103.129997,56.209999
2016-09-12,105.440002,57.049999
2016-09-13,107.949997,56.529999
2016-09-14,111.769997,56.259998
2016-09-15,115.57,57.189999
2016-09-16,114.919998,57.25
2016-09-19,113.580002,56.93
2016-09-20,113.57,56.810001
2016-09-21,113.550003,57.759998
2016-09-22,114.620003,57.82
2016-09-23,112.709999,57.43
2016-09-26,112.879997,56.900002
2016-09-27,113.089996,57.950001
2016-09-28,113.949997,58.029999
2016-09-29,112.18,57.400002
2016-09-30,113.050003,57.599998
2016-10-03,112.519997,57.419998
2016-10-04,113,57.240002
2016-10-05,113.050003,57.639999
2016-10-06,113.889999,57.740002
2016-10-07,114.059998,57.799999
2016-10-10,116.050003,58.040001
2016-10-11,116.300003,57.189999
2016-10-12,117.339996,57.110001
2016-10-13,116.980003,56.919998
2016-10-14,117.629997,57.419998
2016-10-17,117.550003,57.220001
2016-10-18,117.470001,57.66
2016-10-19,117.120003,57.529999
2016-10-20,117.059998,57.25
2016-10-21,116.599998,59.66
2016-10-24,117.650002,61
2016-10-25,118.25,60.990002
2016-10-26,115.589996,60.630001
2016-10-27,114.480003,60.099998
2016-10-28,113.720001,59.869999
2016-10-31,113.540001,59.919998
2016-11-01,111.489998,59.799999
2016-11-02,111.589996,59.43
2016-11-03,109.830002,59.209999
2016-11-04,108.839996,58.709999
2016-11-07,110.410004,60.419998
2016-11-08,111.059998,60.470001
2016-11-09,110.879997,60.169998
2016-11-10,107.790001,58.700001
2016-11-11,108.43,59.02
2016-11-14,105.709999,58.119999
2016-11-15,107.110001,58.869999
2016-11-16,109.989998,59.650002
2016-11-17,109.949997,60.639999
2016-11-18,110.059998,60.349998
2016-11-21,111.730003,60.860001
2016-11-22,111.800003,61.119999
2016-11-23,111.230003,60.400002
2016-11-25,111.790001,60.529999
2016-11-28,111.57,60.610001
2016-11-29,111.459999,61.09
2016-11-30,110.519997,60.259998
2016-12-01,109.489998,59.200001
2016-12-02,109.900002,59.25
2016-12-05,109.110001,60.220001
2016-12-06,109.949997,59.950001
2016-12-07,111.029999,61.369999
2016-12-08,112.120003,61.009998
2016-12-09,113.949997,61.970001
2016-12-12,113.300003,62.169998
2016-12-13,115.190002,62.98
2016-12-14,115.190002,62.68
2016-12-15,115.82,62.580002
2016-12-16,115.970001,62.299999
2016-12-19,116.639999,63.619999
2016-12-20,116.949997,63.540001
2016-12-21,117.059998,63.540001
2016-12-22,116.290001,63.549999
2016-12-23,116.519997,63.240002
2016-12-27,117.260002,63.279999
2016-12-28,116.760002,62.990002
2016-12-29,116.730003,62.900002
2016-12-30,115.82,62.139999
2017-01-03,116.150002,62.580002
2017-01-04,116.019997,62.299999
2017-01-05,116.610001,62.299999
2017-01-06,117.910004,62.84
2017-01-09,118.989998,62.639999
2017-01-10,119.110001,62.619999
2017-01-11,119.75,63.189999
2017-01-12,119.25,62.610001
2017-01-13,119.040001,62.700001
2017-01-17,120,62.529999
2017-01-18,119.989998,62.5
2017-01-19,119.779999,62.299999
2017-01-20,120,62.740002
2017-01-23,120.080002,62.959999
2017-01-24,119.970001,63.52
2017-01-25,121.879997,63.68
2017-01-26,121.940002,64.269997
2017-01-27,121.949997,65.779999
2017-01-30,121.629997,65.129997
2017-01-31,121.349998,64.650002
2017-02-01,128.75,63.580002
2017-02-02,128.529999,63.169998
2017-02-03,129.080002,63.68
2017-02-06,130.289993,63.639999
2017-02-07,131.529999,63.43
2017-02-08,132.039993,63.34
2017-02-09,132.419998,64.059998
2017-02-10,132.119995,64
2017-02-13,133.289993,64.720001
2017-02-14,135.020004,64.57
2017-02-15,135.509995,64.529999
2017-02-16,135.350006,64.519997
2017-02-17,135.720001,64.620003
2017-02-21,136.699997,64.489998
2017-02-22,137.110001,64.360001
2017-02-23,136.529999,64.620003
2017-02-24,136.660004,64.620003
2017-02-27,136.929993,64.230003
2017-02-28,136.990005,63.98
2017-03-01,139.789993,64.940002
2017-03-02,138.960007,64.010002
2017-03-03,139.779999,64.25
2017-03-06,139.339996,64.269997
2017-03-07,139.520004,64.400002
2017-03-08,139,64.989998
2017-03-09,138.679993,64.730003
2017-03-10,139.139999,64.93
2017-03-13,139.199997,64.709999
2017-03-14,138.990005,64.410004
2017-03-15,140.460007,64.75
2017-03-16,140.690002,64.639999
2017-03-17,139.990005,64.870003
2017-03-20,141.460007,64.93
2017-03-21,139.839996,64.209999
2017-03-22,141.419998,65.029999
2017-03-23,140.919998,64.870003
2017-03-24,140.639999,64.980003
2017-03-27,140.880005,65.099998
2017-03-28,143.800003,65.290001
2017-03-29,144.119995,65.470001
2017-03-30,143.929993,65.709999
2017-03-31,143.660004,65.860001
2017-04-03,143.699997,65.550003
2017-04-04,144.770004,65.730003
2017-04-05,144.020004,65.559998
2017-04-06,143.660004,65.730003
2017-04-07,143.339996,65.68
2017-04-10,143.169998,65.529999
2017-04-11,141.630005,65.480003
2017-04-12,141.800003,65.230003
2017-04-13,141.050003,64.949997
2017-04-17,141.830002,65.480003
2017-04-18,141.199997,65.389999
2017-04-19,140.679993,65.040001
2017-04-20,142.440002,65.5
2017-04-21,142.270004,66.400002
2017-04-24,143.639999,67.529999
2017-04-25,144.529999,67.919998
2017-04-26,143.679993,67.830002
2017-04-27,143.789993,68.269997
2017-04-28,143.649994,68.459999
2017-05-01,146.580002,69.410004
2017-05-02,147.509995,69.300003
2017-05-03,147.059998,69.080002
2017-05-04,146.529999,68.809998
2017-05-05,148.960007,69
2017-05-08,153.009995,68.940002
2017-05-09,153.990005,69.040001
2017-05-10,153.259995,69.309998
2017-05-11,153.949997,68.459999
2017-05-12,156.100006,68.379997
2017-05-15,155.699997,68.43
2017-05-16,155.470001,69.410004
2017-05-17,150.25,67.480003
2017-05-18,152.539993,67.709999
2017-05-19,153.059998,67.690002
2017-05-22,153.990005,68.449997
2017-05-23,153.800003,68.68
2017-05-24,153.339996,68.769997
2017-05-25,153.869995,69.620003
2017-05-26,153.610001,69.959999
2017-05-30,153.669998,70.410004
2017-05-31,152.759995,69.839996
2017-06-01,153.179993,70.099998
2017-06-02,155.449997,71.760002
2017-06-05,153.929993,72.279999
2017-06-06,154.449997,72.519997
2017-06-07,155.369995,72.389999
2017-06-08,154.990005,71.949997
2017-06-09,148.979996,70.32
2017-06-12,145.419998,69.779999
2017-06-13,146.589996,70.650002
2017-06-14,145.160004,70.269997
2017-06-15,144.289993,69.900002
2017-06-16,142.270004,70
2017-06-19,146.339996,70.870003
2017-06-20,145.009995,69.910004
2017-06-21,145.869995,70.269997
2017-06-22,145.630005,70.260002
2017-06-23,146.279999,71.209999
2017-06-26,145.820007,70.529999
2017-06-27,143.729996,69.209999
2017-06-28,145.830002,69.800003
2017-06-29,143.679993,68.489998
2017-06-30,144.020004,68.93
2017-07-03,143.5,68.169998
2017-07-05,144.089996,69.080002
2017-07-06,142.729996,68.57
2017-07-07,144.179993,69.459999
2017-07-10,145.059998,69.980003
2017-07-11,145.529999,69.989998
2017-07-12,145.740005,71.150002
2017-07-13,147.770004,71.769997
2017-07-14,149.039993,72.779999
2017-07-17,149.559998,73.349998
2017-07-18,150.080002,73.300003
2017-07-19,151.020004,73.860001
2017-07-20,150.339996,74.220001
2017-07-21,150.270004,73.790001
2017-07-24,152.089996,73.599998
2017-07-25,152.740005,74.190002
2017-07-26,153.460007,74.050003
2017-07-27,150.559998,73.160004
2017-07-28,149.5,73.040001
2017-07-31,148.729996,72.699997
2017-08-01,150.050003,72.580002
2017-08-02,157.139999,72.260002
2017-08-03,155.570007,72.150002
2017-08-04,156.389999,72.68
2017-08-07,158.809998,72.400002
2017-08-08,160.080002,72.790001
2017-08-09,161.059998,72.470001
2017-08-10,155.320007,71.410004
2017-08-11,157.479996,72.5
2017-08-14,159.850006,73.589996
2017-08-15,161.600006,73.220001
2017-08-16,160.949997,73.650002
2017-08-17,157.860001,72.400002
2017-08-18,157.5,72.489998
2017-08-21,157.210007,72.150002
2017-08-22,159.779999,73.160004
2017-08-23,159.979996,72.720001
2017-08-24,159.270004,72.690002
2017-08-25,159.860001,72.82
2017-08-28,161.470001,72.830002
2017-08-29,162.910004,73.050003
2017-08-30,163.350006,74.010002
2017-08-31,164,74.769997
2017-09-01,164.050003,73.940002
2017-09-05,162.080002,73.610001
2017-09-06,161.910004,73.400002
2017-09-07,161.259995,74.339996
2017-09-08,158.630005,73.980003
2017-09-11,161.5,74.760002
2017-09-12,160.860001,74.68
2017-09-13,159.649994,75.209999
2017-09-14,158.279999,74.769997
2017-09-15,159.880005,75.309998
2017-09-18,158.669998,75.160004
2017-09-19,158.729996,75.440002
2017-09-20,156.070007,74.940002
2017-09-21,153.389999,74.209999
2017-09-22,151.889999,74.410004
2017-09-25,150.550003,73.260002
2017-09-26,153.139999,73.260002
2017-09-27,154.229996,73.849998
2017-09-28,153.279999,73.870003
2017-09-29,154.119995,74.489998
2017-10-02,153.809998,74.610001
2017-10-03,154.479996,74.260002
2017-10-04,153.479996,74.690002
2017-10-05,155.389999,75.970001
2017-10-06,155.300003,76
2017-10-09,155.839996,76.290001
2017-10-10,155.899994,76.290001
2017-10-11,156.550003,76.419998
2017-10-12,156,77.120003
2017-10-13,156.990005,77.489998
2017-10-16,159.880005,77.650002
2017-10-17,160.470001,77.589996
2017-10-18,159.759995,77.610001
2017-10-19,155.979996,77.910004
2017-10-20,156.25,78.809998
2017-10-23,156.169998,78.830002
2017-10-24,157.100006,78.860001
2017-10-25,156.410004,78.629997
2017-10-26,157.410004,78.760002
2017-10-27,163.050003,83.809998
2017-10-30,166.720001,83.889999
2017-10-31,169.039993,83.18
2017-11-01,166.889999,83.18
2017-11-02,168.110001,84.050003
2017-11-03,172.5,84.139999
2017-11-06,174.25,84.470001
2017-11-07,174.809998,84.269997
2017-11-08,176.240005,84.559998
2017-11-09,175.880005,84.089996
2017-11-10,174.669998,83.870003
2017-11-13,173.970001,83.93
2017-11-14,171.339996,84.050003
2017-11-15,169.080002,82.980003
2017-11-16,171.100006,83.199997
2017-11-17,170.149994,82.400002
2017-11-20,169.979996,82.529999
2017-11-21,173.139999,83.720001
2017-11-22,174.960007,83.110001
2017-11-24,174.970001,83.260002
2017-11-27,174.089996,83.870003
2017-11-28,173.070007,84.879997
2017-11-29,169.479996,83.339996
2017-11-30,171.850006,84.169998
2017-12-01,171.050003,84.260002
2017-12-04,169.800003,81.080002
2017-12-05,169.639999,81.589996
2017-12-06,169.009995,82.779999
2017-12-07,169.320007,82.489998
2017-12-08,169.369995,84.160004
2017-12-11,172.669998,85.230003
2017-12-12,171.699997,85.580002
2017-12-13,172.270004,85.349998
2017-12-14,172.220001,84.690002
2017-12-15,173.970001,86.849998
2017-12-18,176.419998,86.379997
2017-12-19,174.539993,85.830002
2017-12-20,174.350006,85.519997
2017-12-21,175.009995,85.5
2017-12-22,175.009995,85.510002
2017-12-26,170.570007,85.400002
2017-12-27,170.600006,85.709999
2017-12-28,171.080002,85.720001
2017-12-29,169.229996,85.540001
2018-01-02,172.259995,85.949997
2018-01-03,172.229996,86.349998
2018-01-04,173.029999,87.110001
2018-01-05,175,88.190002
2018-01-08,174.350006,88.279999
2018-01-09,174.330002,88.220001
2018-01-10,174.289993,87.82
2018-01-11,175.279999,88.080002
2018-01-12,177.089996,89.599998
2018-01-16,176.190002,88.349998
2018-01-17,179.100006,90.139999
2018-01-18,179.259995,90.099998
2018-01-19,178.460007,90
2018-01-22,177,91.610001
2018-01-23,177.039993,91.900002
2018-01-24,174.220001,91.82
2018-01-25,171.110001,92.330002
2018-01-26,171.509995,94.059998
2018-01-29,167.960007,93.919998
2018-01-30,166.970001,92.739998
2018-01-31,167.429993,95.010002
2018-02-01,167.779999,94.260002
2018-02-02,160.5,91.779999
2018-02-05,156.490005,88
2018-02-06,163.029999,91.330002
2018-02-07,159.539993,89.610001
2018-02-08,155.149994,85.010002
2018-02-09,156.410004,88.18
2018-02-12,162.710007,89.129997
2018-02-13,164.339996,89.830002
2018-02-14,167.369995,90.809998
2018-02-15,172.990005,92.660004
2018-02-16,172.429993,92
2018-02-20,171.850006,92.720001
2018-02-21,171.070007,91.489998
2018-02-22,172.5,91.730003
2018-02-23,175.5,94.059998
2018-02-26,178.970001,95.419998
2018-02-27,178.389999,94.199997
2018-02-28,178.119995,93.769997
2018-03-01,175,92.849998
2018-03-02,176.210007,93.050003
2018-03-05,176.820007,93.639999
2018-03-06,176.669998,93.32
2018-03-07,175.029999,93.860001
2018-03-08,176.940002,94.43
2018-03-09,179.979996,96.540001
2018-03-12,181.720001,96.769997
2018-03-13,179.970001,94.410004
2018-03-14,178.440002,93.849998
2018-03-15,178.649994,94.18
2018-03-16,178.020004,94.599998
2018-03-19,175.300003,92.889999
2018-03-20,175.240005,93.129997
2018-03-21,171.270004,92.480003
2018-03-22,168.850006,89.790001
2018-03-23,164.940002,87.18
2018-03-26,172.770004,93.779999
2018-03-27,168.339996,89.470001
2018-03-28,166.479996,89.389999
2018-03-29,167.779999,91.269997
2018-04-02,166.679993,88.519997
2018-04-03,168.389999,89.709999
2018-04-04,171.610001,92.330002
2018-04-05,172.800003,92.379997
2018-04-06,168.380005,90.230003
2018-04-09,170.050003,90.769997
2018-04-10,173.25,92.879997
2018-04-11,172.440002,91.860001
2018-04-12,174.139999,93.580002
2018-04-13,174.729996,93.080002
2018-04-16,175.820007,94.169998
2018-04-17,178.240005,96.07
2018-04-18,177.839996,96.440002
2018-04-19,172.800003,96.110001
2018-04-20,165.720001,95
2018-04-23,165.240005,95.349998
2018-04-24,162.940002,93.120003
2018-04-25,163.649994,92.309998
2018-04-26,164.220001,94.260002
2018-04-27,162.320007,95.82
2018-04-30,165.259995,93.519997
2018-05-01,169.100006,95
2018-05-02,176.570007,93.510002
2018-05-03,176.889999,94.07
2018-05-04,183.830002,95.160004
2018-05-07,185.160004,96.220001
2018-05-08,186.050003,95.809998
2018-05-09,187.360001,96.940002
2018-05-10,190.039993,97.910004
2018-05-11,188.589996,97.699997
2018-05-14,188.149994,98.029999
2018-05-15,186.440002,97.32
2018-05-16,188.179993,97.150002
2018-05-17,186.990005,96.18
2018-05-18,186.309998,96.360001
2018-05-21,187.630005,97.599998
2018-05-22,187.160004,97.5
2018-05-23,188.360001,98.660004
2018-05-24,188.149994,98.309998
2018-05-25,188.580002,98.360001
2018-05-29,187.899994,98.010002
2018-05-30,187.5,98.949997
2018-05-31,186.869995,98.839996
2018-06-01,190.240005,100.790001
2018-06-04,191.830002,101.669998
2018-06-05,193.309998,102.190002
2018-06-06,193.979996,102.489998
2018-06-07,193.460007,100.879997
2018-06-08,191.699997,101.629997
2018-06-11,191.229996,101.050003
2018-06-12,192.279999,101.309998
2018-06-13,190.699997,100.849998
2018-06-14,190.800003,101.419998
2018-06-15,188.839996,100.129997
2018-06-18,188.740005,100.860001
2018-06-19,185.690002,100.860001
2018-06-20,186.5,101.870003
2018-06-21,185.460007,101.139999
2018-06-22,184.919998,100.410004
2018-06-25,182.169998,98.389999
2018-06-26,184.429993,99.080002
2018-06-27,184.160004,97.540001
2018-06-28,185.5,98.629997
2018-06-29,185.110001,98.610001
2018-07-02,187.179993,100.010002
2018-07-03,183.919998,99.050003
2018-07-05,185.399994,99.760002
2018-07-06,187.970001,101.160004
2018-07-09,190.580002,101.849998
2018-07-10,190.350006,102.120003
2018-07-11,187.880005,101.980003
2018-07-12,191.029999,104.190002
2018-07-13,191.330002,105.43
2018-07-16,190.910004,104.910004
2018-07-17,191.449997,105.949997
2018-07-18,190.399994,105.120003
2018-07-19,191.880005,104.400002
2018-07-20,191.440002,106.269997
2018-07-23,191.610001,107.970001
2018-07-24,193,107.660004
2018-07-25,194.820007,110.830002
2018-07-26,194.210007,109.620003
2018-07-27,190.979996,107.68
2018-07-30,189.910004,105.370003
2018-07-31,190.289993,106.080002
2018-08-01,201.5,106.279999
2018-08-02,207.389999,107.57
2018-08-03,207.990005,108.040001
2018-08-06,209.070007,108.129997
2018-08-07,207.110001,108.879997
2018-08-08,207.25,109.489998
2018-08-09,208.880005,109.669998
2018-08-10,207.529999,109
2018-08-13,208.869995,108.209999
2018-08-14,209.75,109.559998
2018-08-15,210.240005,107.660004
2018-08-16,213.320007,107.639999
2018-08-17,217.580002,107.580002
2018-08-20,215.460007,106.870003
2018-08-21,215.039993,105.980003
2018-08-22,215.050003,107.059998
2018-08-23,215.490005,107.559998
2018-08-24,216.160004,108.400002
2018-08-27,217.940002,109.599998
2018-08-28,219.699997,110.260002
2018-08-29,222.979996,112.019997
2018-08-30,225.029999,111.949997
2018-08-31,227.630005,112.330002
2018-09-04,228.360001,111.709999
2018-09-05,226.869995,108.489998
2018-09-06,223.100006,108.739998
2018-09-07,221.300003,108.209999
2018-09-10,218.330002,109.379997
2018-09-11,223.850006,111.239998
2018-09-12,221.070007,111.709999
2018-09-13,226.410004,112.910004
2018-09-14,223.839996,113.370003
2018-09-17,217.880005,112.139999
2018-09-18,218.240005,113.209999
2018-09-19,218.369995,111.699997
2018-09-20,220.029999,113.57
2018-09-21,217.660004,114.260002
2018-09-24,220.789993,114.669998
2018-09-25,222.190002,114.449997
2018-09-26,220.419998,113.980003
2018-09-27,224.949997,114.410004
2018-09-28,225.740005,114.370003
2018-10-01,227.259995,115.610001
2018-10-02,229.279999,115.150002
2018-10-03,232.070007,115.169998
2018-10-04,227.990005,112.790001
2018-10-05,224.289993,112.129997
2018-10-08,223.770004,110.849998
2018-10-09,226.869995,112.260002
2018-10-10,216.360001,106.160004
2018-10-11,214.449997,105.910004
2018-10-12,222.110001,109.57
2018-10-15,217.360001,107.599998
2018-10-16,222.149994,111
2018-10-17,221.190002,110.709999
2018-10-18,216.020004,108.5
2018-10-19,219.309998,108.660004
2018-10-22,220.649994,109.629997
2018-10-23,222.729996,108.099998
2018-10-24,215.089996,102.32
2018-10-25,219.800003,108.300003
2018-10-26,216.300003,106.959999
2018-10-29,212.240005,103.849998
2018-10-30,213.300003,103.730003
2018-10-31,218.860001,106.809998
2018-11-01,222.220001,105.919998
2018-11-02,207.479996,106.160004
2018-11-05,201.589996,107.510002
2018-11-06,203.770004,107.720001
2018-11-07,209.949997,111.959999
2018-11-08,208.490005,111.75
2018-11-09,204.470001,109.57
2018-11-12,194.169998,106.870003
2018-11-13,192.229996,106.940002
2018-11-14,186.800003,104.970001
2018-11-15,191.410004,107.279999
2018-11-16,193.529999,108.290001
2018-11-19,185.860001,104.620003
2018-11-20,176.979996,101.709999
2018-11-21,176.779999,103.110001
2018-11-23,172.289993,103.07
2018-11-26,174.619995,106.470001
2018-11-27,174.240005,107.139999
2018-11-28,180.940002,111.120003
2018-11-29,179.550003,110.190002
2018-11-30,178.580002,110.889999
2018-12-03,184.820007,112.089996
2018-12-04,176.690002,108.519997
2018-12-06,174.720001,109.190002
2018-12-07,168.490005,104.82
2018-12-10,169.600006,107.589996
2018-12-11,168.630005,108.589996
2018-12-12,169.100006,109.080002
2018-12-13,170.949997,109.449997
2018-12-14,165.479996,106.029999
2018-12-17,163.940002,102.889999
2018-12-18,166.070007,103.970001
2018-12-19,160.889999,103.690002
2018-12-20,156.830002,101.510002
2018-12-21,150.729996,98.230003
2018-12-24,146.830002,94.129997
2018-12-26,157.169998,100.559998
2018-12-27,156.149994,101.18
2018-12-28,156.229996,100.389999
2018-12-31,157.740005,101.57
2019-01-02,157.919998,101.120003
2019-01-03,142.190002,97.400002
2019-01-04,148.259995,101.93
2019-01-07,147.929993,102.059998
2019-01-08,150.75,102.800003
2019-01-09,153.309998,104.269997
2019-01-10,153.800003,103.599998
2019-01-11,152.289993,102.800003
2019-01-14,150,102.050003
2019-01-15,153.070007,105.010002
2019-01-16,154.940002,105.379997
2019-01-17,155.860001,106.120003
2019-01-18,156.820007,107.709999
2019-01-22,153.300003,105.68
2019-01-23,153.919998,106.709999
2019-01-24,152.699997,106.199997
2019-01-25,157.759995,107.169998
2019-01-28,156.300003,105.080002
2019-01-29,154.679993,102.940002
2019-01-30,165.25,106.379997
2019-01-31,166.440002,104.43
2019-02-01,166.520004,102.779999
2019-02-04,171.25,105.739998
2019-02-05,174.179993,107.220001
2019-02-06,174.240005,106.029999
2019-02-07,170.940002,105.269997
2019-02-08,170.410004,105.669998
2019-02-11,169.429993,105.25
2019-02-12,170.889999,106.889999
2019-02-13,170.179993,106.809998
2019-02-14,170.800003,106.900002
2019-02-15,170.419998,108.220001
2019-02-19,170.929993,108.169998
2019-02-20,172.029999,107.150002
2019-02-21,171.059998,109.410004
2019-02-22,172.970001,110.970001
2019-02-25,174.229996,111.589996
2019-02-26,174.330002,112.360001
2019-02-27,174.869995,112.169998
2019-02-28,173.149994,112.029999
2019-03-01,174.970001,112.529999
2019-03-04,175.850006,112.260002
2019-03-05,175.529999,111.699997
2019-03-06,174.520004,111.75
2019-03-07,172.5,110.389999
2019-03-08,172.910004,110.510002
2019-03-11,178.899994,112.830002
2019-03-12,180.910004,113.620003
2019-03-13,181.710007,114.5
2019-03-14,183.729996,114.589996
2019-03-15,186.119995,115.910004
2019-03-18,188.020004,117.57
2019-03-19,186.529999,117.650002
2019-03-20,188.160004,117.519997
2019-03-21,195.089996,120.220001
2019-03-22,191.050003,117.050003
2019-03-25,188.740005,117.660004
2019-03-26,186.789993,117.910004
2019-03-27,188.470001,116.769997
2019-03-28,188.720001,116.93
2019-03-29,189.949997,117.940002
2019-04-01,191.240005,119.019997
2019-04-02,194.020004,119.190002
2019-04-03,195.350006,119.970001
2019-04-04,195.690002,119.360001
2019-04-05,197,119.889999
2019-04-08,200.100006,119.93
2019-04-09,199.5,119.279999
2019-04-10,200.619995,120.190002
2019-04-11,198.949997,120.330002
2019-04-12,198.869995,120.949997
2019-04-15,199.229996,121.050003
2019-04-16,199.25,120.769997
2019-04-17,203.130005,121.769997
2019-04-18,203.860001,123.370003
2019-04-22,204.529999,123.760002
2019-04-23,207.479996,125.440002
2019-04-24,207.160004,125.010002
2019-04-25,205.279999,129.149994
2019-04-26,204.300003,129.889999
2019-04-29,204.610001,129.770004
2019-04-30,200.669998,130.600006
2019-05-01,210.520004,127.879997
2019-05-02,209.149994,126.209999
2019-05-03,211.75,128.899994
2019-05-06,208.479996,128.149994
2019-05-07,202.860001,125.519997
2019-05-08,202.899994,125.510002
2019-05-09,200.720001,125.5
2019-05-10,197.179993,127.129997
2019-05-13,185.720001,123.349998
2019-05-14,188.660004,124.730003
2019-05-15,190.919998,126.019997
2019-05-16,190.080002,128.929993
2019-05-17,189,128.070007
2019-05-20,183.089996,126.220001
2019-05-21,186.600006,126.900002
2019-05-22,182.779999,127.669998
2019-05-23,179.660004,126.18
2019-05-24,178.970001,126.239998
2019-05-28,178.229996,126.160004
2019-05-29,177.380005,124.940002
2019-05-30,178.300003,125.730003
2019-05-31,175.070007,123.68
2019-06-03,173.300003,119.839996
2019-06-04,179.639999,123.160004
2019-06-05,182.539993,125.830002
2019-06-06,185.220001,127.82
2019-06-07,190.149994,131.399994
2019-06-10,192.580002,132.600006
2019-06-11,194.809998,132.100006
2019-06-12,194.190002,131.490005
2019-06-13,194.149994,132.320007
2019-06-14,192.740005,132.449997
2019-06-17,193.889999,132.850006
2019-06-18,198.449997,135.160004
2019-06-19,197.869995,135.690002
2019-06-20,199.460007,136.949997
2019-06-21,198.779999,136.970001
2019-06-24,198.580002,137.779999
2019-06-25,195.570007,133.429993
2019-06-26,199.800003,133.929993
2019-06-27,199.740005,134.149994
2019-06-28,197.919998,133.960007
2019-07-01,201.550003,135.679993
2019-07-02,202.729996,136.580002
2019-07-03,204.410004,137.460007
2019-07-05,204.229996,137.059998
2019-07-08,200.020004,136.960007
2019-07-09,201.240005,136.460007
2019-07-10,203.229996,137.850006
2019-07-11,201.75,138.399994
2019-07-12,203.300003,138.899994
2019-07-15,205.210007,138.899994
2019-07-16,204.5,137.080002
2019-07-17,203.350006,136.270004
2019-07-18,205.660004,136.419998
2019-07-19,202.589996,136.619995
2019-07-22,207.220001,138.429993
2019-07-23,208.839996,139.289993
2019-07-24,208.669998,140.720001
2019-07-25,207.020004,140.190002
2019-07-26,207.740005,141.339996
2019-07-29,209.679993,141.029999
2019-07-30,208.779999,140.350006
2019-07-31,213.039993,136.270004
2019-08-01,208.429993,138.059998
2019-08-02,204.020004,136.899994
2019-08-05,193.339996,132.210007
2019-08-06,197,134.690002
2019-08-07,199.039993,135.279999
2019-08-08,203.429993,138.889999
2019-08-09,200.990005,137.710007
2019-08-12,200.479996,135.789993
2019-08-13,208.970001,138.600006
2019-08-14,202.75,133.979996
2019-08-15,201.740005,133.679993
2019-08-16,206.5,136.130005
2019-08-19,210.350006,138.410004
2019-08-20,210.360001,137.259995
2019-08-21,212.639999,138.789993
2019-08-22,212.460007,137.779999
2019-08-23,202.639999,133.389999
2019-08-26,206.490005,135.449997
2019-08-27,204.160004,135.740005
2019-08-28,205.529999,135.559998
2019-08-29,209.009995,138.119995
2019-08-30,208.740005,137.860001
2019-09-03,205.699997,136.039993
2019-09-04,209.190002,137.630005
2019-09-05,213.279999,140.050003
2019-09-06,213.259995,139.100006
2019-09-09,214.169998,137.520004
2019-09-10,216.699997,136.080002
2019-09-11,223.589996,136.119995
2019-09-12,223.089996,137.520004
2019-09-13,218.75,137.320007
2019-09-16,219.899994,136.330002
2019-09-17,220.699997,137.389999
2019-09-18,222.770004,138.520004
2019-09-19,220.960007,141.070007
2019-09-20,217.729996,139.440002
2019-09-23,218.720001,139.139999
2019-09-24,217.679993,137.380005
2019-09-25,221.029999,139.360001
2019-09-26,219.889999,139.539993
2019-09-27,218.820007,137.729996
2019-09-30,223.970001,139.029999
2019-10-01,224.589996,137.070007
2019-10-02,218.960007,134.649994
2019-10-03,220.820007,136.279999
2019-10-04,227.009995,138.119995
2019-10-07,227.059998,137.119995
2019-10-08,224.399994,135.669998
2019-10-09,227.029999,138.240005
2019-10-10,230.089996,139.100006
2019-10-11,236.210007,139.679993
2019-10-14,235.869995,139.550003
2019-10-15,235.320007,141.570007
2019-10-16,234.369995,140.410004
2019-10-17,235.279999,139.690002
2019-10-18,236.410004,137.410004
2019-10-21,240.509995,138.429993
2019-10-22,239.960007,136.369995
2019-10-23,243.179993,137.240005
2019-10-24,243.580002,139.940002
2019-10-25,246.580002,140.729996
2019-10-28,249.050003,144.190002
2019-10-29,243.289993,142.830002
2019-10-30,243.259995,144.610001
2019-10-31,248.759995,143.369995
2019-11-01,255.820007,143.720001
2019-11-04,257.5,144.550003
2019-11-05,257.130005,144.460007
2019-11-06,257.23999,144.059998
2019-11-07,259.429993,144.259995
2019-11-08,260.140015,145.960007
2019-11-11,262.200012,146.110001
2019-11-12,261.959991,147.070007
2019-11-13,264.470001,147.309998
2019-11-14,262.640015,148.059998
2019-11-15,265.76001,149.970001
2019-11-18,267.100006,150.339996
2019-11-19,266.290009,150.389999
2019-11-20,263.190002,149.619995
2019-11-21,262.01001,149.479996
2019-11-22,261.779999,149.589996
2019-11-25,266.369995,151.229996
2019-11-26,264.290009,152.029999
2019-11-27,267.839996,152.320007
2019-11-29,267.25,151.380005
2019-12-02,264.160004,149.550003
2019-12-03,259.450012,149.309998
2019-12-04,261.73999,149.850006
2019-12-05,265.579987,149.929993
2019-12-06,270.709991,151.75
2019-12-09,266.920013,151.360001
2019-12-10,268.480011,151.130005
2019-12-11,270.769989,151.699997
2019-12-12,271.459991,153.240005
2019-12-13,275.149994,154.529999
2019-12-16,279.859985,155.529999
2019-12-17,280.410004,154.690002
2019-12-18,279.73999,154.369995
2019-12-19,280.019989,155.710007
2019-12-20,279.440002,157.410004
2019-12-23,284,157.410004
2019-12-24,284.269989,157.380005
2019-12-26,289.910004,158.669998
2019-12-27,289.799988,158.960007
2019-12-30,291.519989,157.589996
2019-12-31,293.649994,157.699997
2020-01-02,300.350006,160.619995
2020-01-03,297.429993,158.619995
2020-01-06,299.799988,159.029999
2020-01-07,298.390015,157.580002
2020-01-08,303.190002,160.089996
2020-01-09,309.630005,162.089996
2020-01-10,310.329987,161.339996
2020-01-13,316.959991,163.279999
2020-01-14,312.679993,162.130005
2020-01-15,311.339996,163.179993
2020-01-16,315.23999,166.169998
2020-01-17,318.730011,167.100006
2020-01-21,316.570007,166.5
2020-01-22,317.700012,165.699997
2020-01-23,319.230011,166.720001
2020-01-24,318.309998,165.039993
2020-01-27,308.950012,162.279999
2020-01-28,317.690002,165.460007
2020-01-29,324.339996,168.039993
2020-01-30,323.869995,172.779999
2020-01-31,309.51001,170.229996
2020-02-03,308.660004,174.380005
2020-02-04,318.850006,180.119995
2020-02-05,321.450012,179.899994
2020-02-06,325.209991,183.630005
2020-02-07,320.029999,183.889999
2020-02-10,321.549988,188.699997
2020-02-11,319.609985,184.440002
2020-02-12,327.200012,184.710007
2020-02-13,324.869995,183.710007
2020-02-14,324.950012,185.350006
2020-02-18,319,187.229996
2020-02-19,323.619995,187.279999
2020-02-20,320.299988,184.419998
2020-02-21,313.049988,178.589996
2020-02-24,298.179993,170.889999
2020-02-25,288.079987,168.070007
2020-02-26,292.649994,170.169998
2020-02-27,273.519989,158.179993
2020-02-28,273.359985,162.009995
2020-03-02,298.809998,172.789993
2020-03-03,289.320007,164.509995
2020-03-04,302.73999,170.550003
2020-03-05,292.920013,166.270004
2020-03-06,289.029999,161.570007
2020-03-09,266.170013,150.619995
2020-03-10,285.339996,160.919998
2020-03-11,275.429993,153.630005
2020-03-12,248.229996,139.059998
2020-03-13,277.970001,158.830002
2020-03-16,242.210007,135.419998
2020-03-17,252.860001,146.570007
2020-03-18,246.669998,140.399994
2020-03-19,244.779999,142.710007
2020-03-20,229.240005,137.350006
2020-03-23,224.369995,135.979996
2020-03-24,246.880005,148.339996
2020-03-25,245.520004,146.919998
2020-03-26,258.440002,156.110001
2020-03-27,247.740005,149.699997
2020-03-30,254.809998,160.229996
2020-03-31,254.289993,157.710007
2020-04-01,240.910004,152.110001
2020-04-02,244.929993,155.259995
2020-04-03,241.410004,153.830002
2020-04-06,262.470001,165.270004
2020-04-07,259.429993,163.490005
2020-04-08,266.070007,165.130005
2020-04-09,267.98999,165.139999
2020-04-13,273.25,165.509995
2020-04-14,287.049988,173.699997
2020-04-15,284.429993,171.880005
2020-04-16,286.690002,177.039993
2020-04-17,282.799988,178.600006
2020-04-20,276.929993,175.059998
2020-04-21,268.369995,167.820007
2020-04-22,276.100006,173.520004
2020-04-23,275.029999,171.419998
2020-04-24,282.970001,174.550003
2020-04-27,283.170013,174.050003
2020-04-28,278.579987,169.809998
2020-04-29,287.730011,177.429993
2020-04-30,293.799988,179.210007
2020-05-01,289.070007,174.570007
2020-05-04,293.160004,178.839996
2020-05-05,297.559998,180.759995
2020-05-06,300.630005,182.539993
2020-05-07,303.73999,183.600006
2020-05-08,310.130005,184.679993
2020-05-11,315.01001,186.740005
2020-05-12,311.410004,182.509995
2020-05-13,307.649994,179.75
2020-05-14,309.540009,180.529999
2020-05-15,307.709991,183.160004
2020-05-18,314.959991,184.910004
2020-05-19,313.140015,183.630005
2020-05-20,319.230011,185.660004
2020-05-21,316.850006,183.429993
2020-05-22,318.890015,183.509995
2020-05-26,316.730011,181.570007
2020-05-27,318.109985,181.809998
2020-05-28,318.25,181.399994
2020-05-29,317.940002,183.25
2020-06-01,321.850006,182.830002
2020-06-02,323.339996,184.910004
2020-06-03,325.119995,185.360001
2020-06-04,322.320007,182.919998